ipo_id,ticker,company_name,ipo_date,ipo_proceeds,offer_price,population,mature,price_complete,volume_complete,usable,exclusion_reason,provider,source_path,split_metadata_available,listing_unit_factor,initial_return_provisional,outcome_date,initial_return_unverified
MKDTY_20191230,MKDTY,Molecular Data Inc.,2019-12-30,,5.38,True,True,True,True,False,missing_positive_proceeds,Yahoo/pilot,data/raw/yahoo/MKDTY.parquet,False,1.0,,2020-03-25,2.7228106353163306
INDO_20191219,INDO,Indonesia Energy Corporation Limited,2019-12-19,15000007.0,11.0,True,True,True,True,True,,Yahoo/pilot,data/raw/yahoo/INDO.parquet,True,1.0,-0.0276515491561983,2020-03-17,-0.0276515491561983
MNPR_20191219,MNPR,Monopar Therapeutics Inc.,2019-12-19,8888896.0,8.0,True,True,True,True,True,,Yahoo/pilot,data/raw/yahoo/MNPR.parquet,True,0.2,1.1977031913123406,2020-03-17,1.1977031913123406
CIIC_20191213,CIIC,CIIG Merger,2019-12-13,,10.0,True,True,False,False,False,missing_positive_proceeds;incomplete_prices;incomplete_volume,Yahoo/pilot,data/raw/yahoo/CIIC.parquet,False,1.0,,2020-03-11,
HCCO_20191213,HCCO,Healthcare Merger Corp,2019-12-13,,10.0,True,True,False,False,False,missing_positive_proceeds;incomplete_prices;incomplete_volume,Yahoo/pilot,data/raw/yahoo/HCCO.parquet,False,1.0,,2020-03-11,
OCFT_20191213,OCFT,OneConnect Financial Technology Co. Ltd.,2019-12-13,312000000.0,10.0,True,True,False,False,False,missing_split_unit_validation;incomplete_prices;incomplete_volume,Yahoo/pilot,data/raw/yahoo/OCFT.parquet,False,1.0,,2020-03-11,
SPT_20191213,SPT,"Sprout Social, Inc.",2019-12-13,150000010.0,17.0,True,True,True,True,True,,Yahoo/pilot,data/raw/yahoo/SPT.parquet,True,1.0,-0.0238106257136148,2020-03-11,-0.0238106257136148
BILL_20191212,BILL,"BILL Holdings, Inc.",2019-12-12,216117638.0,22.0,True,True,True,True,True,,Yahoo/pilot,data/raw/yahoo/BILL.parquet,True,1.0,0.4784902431230542,2020-03-10,0.4784902431230542
EH_20191212,EH,EHang Holdings Limited,2019-12-12,40000000.0,12.5,True,True,True,True,False,missing_split_unit_validation;unverified_nasdaq_adjustment,Nasdaq/historical,data/raw/check2/recovered_nasdaq_EH_20191212.parquet,False,1.0,,2020-03-10,-0.0008003201707691
XP_20191211,XP,XP Inc.,2019-12-11,1957787307.0,27.0,True,True,True,True,True,,Yahoo/pilot,data/raw/yahoo/XP.parquet,True,1.0,0.2439623385276264,2020-03-09,0.2439623385276264
LMPX_20191205,LMPX,"LMP Automotive Holdings, Inc.",2019-12-05,11500000.0,5.0,True,True,True,True,True,,Yahoo/pilot,data/raw/yahoo/LMPX.parquet,True,1.0,0.0695260875580137,2020-03-03,0.0695260875580137
CHPM_20191122,CHPM,CHP Merger Corp.,2019-11-22,,10.0,True,True,False,False,False,missing_positive_proceeds;incomplete_prices;incomplete_volume,Yahoo/pilot,data/raw/yahoo/CHPM.parquet,False,1.0,,2020-02-20,
PINE_20191122,PINE,"Alpine Income Property Trust, Inc.",2019-11-22,142500000.0,19.0,True,True,True,True,True,,Yahoo/pilot,data/raw/yahoo/PINE.parquet,True,1.0,0.0,2020-02-20,0.0
CAN_20191121,CAN,Canaan Inc.,2019-11-21,90000000.0,9.0,True,True,True,True,True,,Yahoo/pilot,data/raw/yahoo/CAN.parquet,True,1.0,-0.0011117543122943,2020-02-19,-0.0011117543122943
SITM_20191121,SITM,SiTime Corporation,2019-11-21,55900000.0,13.0,True,True,True,True,True,,Yahoo/pilot,data/raw/yahoo/SITM.parquet,True,1.0,0.3608967681741467,2020-02-19,0.3608967681741467
YAYO_20191113,YAYO,"EVmo, Inc.",2019-11-13,10500000.0,4.0,True,True,True,True,True,,Yahoo/pilot,data/raw/yahoo/YAYO.parquet,True,1.0,-0.1193467710645989,2020-02-10,-0.1193467710645989
ETNB_20191111,ETNB,"89bio, Inc.",2019-11-11,84874992.0,16.0,True,True,False,False,False,missing_split_unit_validation;incomplete_prices;incomplete_volume,Yahoo/pilot,data/raw/yahoo/ETNB.parquet,False,1.0,,2020-02-06,
CNSP_20191108,CNSP,"CNS Pharmaceuticals, Inc.",2019-11-08,8500000.0,4.0,True,True,True,True,True,,Yahoo/pilot,data/raw/yahoo/CNSP.parquet,True,1.111111111111111e-06,0.1332188437862226,2020-02-05,0.1332188437862226
KRKR_20191108,KRKR,36Kr Holdings Inc.,2019-11-08,20010000.0,14.5,True,True,True,True,True,,Yahoo/pilot,data/raw/yahoo/KRKR.parquet,True,0.05,-0.1045944788438218,2020-02-05,-0.1045944788438218
MOHOY_20191108,MOHOY,ECMOHO Limited,2019-11-08,,10.0,True,True,False,False,False,missing_positive_proceeds;incomplete_prices;incomplete_volume,Yahoo/pilot,data/raw/yahoo/MOHOY.parquet,False,1.0,,2020-02-05,
TELA_20191108,TELA,"TELA Bio, Inc.",2019-11-08,52000000.0,13.0,True,True,True,True,True,,Yahoo/pilot,data/raw/yahoo/TELA.parquet,True,1.0,0.0265670559592326,2020-02-05,0.0265670559592326
CNTG_20191107,CNTG,Centogene N.V.,2019-11-07,56000000.0,14.0,True,True,False,False,False,missing_split_unit_validation;incomplete_prices;incomplete_volume,Yahoo/pilot,data/raw/yahoo/CNTG.parquet,False,1.0,,2020-02-04,
GRTX_20191107,GRTX,"Galera Therapeutics, Inc.",2019-11-07,60000000.0,12.0,True,True,False,False,False,missing_split_unit_validation;incomplete_prices;incomplete_volume,Yahoo/pilot,data/raw/yahoo/GRTX.parquet,False,1.0,,2020-02-04,
XHG_20191105,XHG,XChange TEC.INC,2019-11-05,,,True,True,True,True,False,missing_positive_proceeds;missing_positive_offer_price,Yahoo/pilot,data/raw/yahoo/XHG.parquet,False,1.0,,2020-01-31,
DUO_20191101,DUO,Fangdd Network Group Ltd.,2019-11-01,78000000.0,13.0,True,True,True,True,True,,Yahoo/pilot,data/raw/yahoo/DUO.parquet,True,0.0002777777777777,0.0,2020-01-29,0.0
OYST_20191031,OYST,"Oyster Point Pharma, Inc.",2019-10-31,80000000.0,16.0,True,True,False,False,False,missing_split_unit_validation;incomplete_prices;incomplete_volume,Yahoo/pilot,data/raw/yahoo/OYST.parquet,False,1.0,,2020-01-28,
RAPT_20191031,RAPT,"Rapt Therapeutics, Inc.",2019-10-31,36000000.0,12.0,True,True,False,False,False,missing_split_unit_validation;incomplete_prices;incomplete_volume,Yahoo/pilot,data/raw/yahoo/RAPT.parquet,False,1.0,,2020-01-28,
CABA_20191025,CABA,"Cabaletta Bio, Inc.",2019-10-25,74800000.0,11.0,True,True,True,True,True,,Yahoo/pilot,data/raw/yahoo/CABA.parquet,True,1.0,-0.0953101798043249,2020-01-22,-0.0953101798043249
DAO_20191025,DAO,"Youdao, Inc.",2019-10-25,95200000.0,17.0,True,True,True,True,True,,Yahoo/pilot,data/raw/yahoo/DAO.parquet,True,1.0,-0.3074846997479605,2020-01-22,-0.3074846997479605
PAIYY_20191025,PAIYY,Aesthetic Medical International Holdings Group Ltd.,2019-10-25,,,True,True,True,True,False,missing_positive_proceeds;missing_positive_offer_price,Yahoo/pilot,data/raw/yahoo/PAIYY.parquet,False,1.0,,2020-01-22,
PAVS_20191025,PAVS,Paranovus Entertainment Technology Ltd.,2019-10-25,,5.5,True,True,True,False,False,missing_positive_proceeds;incomplete_volume,Yahoo/pilot,data/raw/yahoo/PAVS.parquet,False,1.0,,2020-01-22,14.490308599856023
PGNY_20191025,PGNY,"Progyny, Inc.",2019-10-25,130000000.0,13.0,True,True,True,True,True,,Yahoo/pilot,data/raw/yahoo/PGNY.parquet,True,1.0,0.2038822895757703,2020-01-22,0.2038822895757703
PHAT_20191025,PHAT,"Phathom Pharmaceuticals, Inc.",2019-10-25,181699983.0,19.0,True,True,True,True,True,,Yahoo/pilot,data/raw/yahoo/PHAT.parquet,True,1.0,0.258307479278776,2020-01-22,0.258307479278776
TFFP_20191025,TFFP,TFF Group,2019-10-25,22000000.0,5.0,True,True,False,False,False,missing_split_unit_validation;incomplete_prices;incomplete_volume,Yahoo/pilot,data/raw/yahoo/TFFP.parquet,False,1.0,,2020-01-22,
BWIN_20191024,BWIN,"The Baldwin Insurance Group, Inc.",2019-10-24,,,True,True,True,True,False,missing_positive_proceeds;missing_positive_offer_price,Yahoo/pilot,data/raw/yahoo/BWIN.parquet,False,1.0,,2020-01-21,
BRBR_20191017,BRBR,"BellRing Brands, Inc.",2019-10-17,479999996.0,14.0,True,True,False,False,False,missing_split_unit_validation;incomplete_prices;incomplete_volume,Yahoo/pilot,data/raw/yahoo/BRBR.parquet,False,1.0,,2020-01-13,
IPHA_20191017,IPHA,Innate Pharma S.A.,2019-10-17,68750000.0,5.5,True,True,True,True,True,,Yahoo/pilot,data/raw/yahoo/IPHA.parquet,True,1.0,0.0953102113307481,2020-01-13,0.0953102113307481
HBT_20191011,HBT,"HBT Financial, Inc.",2019-10-11,132800000.0,16.0,True,True,True,True,True,,Yahoo/pilot,data/raw/yahoo/HBT.parquet,True,1.0,-0.02917137975504,2020-01-07,-0.02917137975504
VIR_20191011,VIR,"Vir Biotechnology, Inc.",2019-10-11,142857160.0,20.0,True,True,True,True,True,,Yahoo/pilot,data/raw/yahoo/VIR.parquet,True,1.0,-0.3552473592967862,2020-01-07,-0.3552473592967862
BNTX_20191010,BNTX,BioNTech SE,2019-10-10,150000000.0,15.0,True,True,True,True,True,,Yahoo/pilot,data/raw/yahoo/BNTX.parquet,True,1.0,-0.0519953111915431,2020-01-06,-0.0519953111915431
APRE_20191003,APRE,"Aprea Therapeutics, Inc.",2019-10-03,85000005.0,15.0,True,True,True,True,True,,Yahoo/pilot,data/raw/yahoo/APRE.parquet,True,0.05,0.3123746850421524,2019-12-27,0.3123746850421524
KRRO_20191003,KRRO,"Korro Bio, Inc.",2019-10-03,,14.0,True,True,True,True,False,missing_positive_proceeds,Yahoo/pilot,data/raw/yahoo/KRRO.parquet,False,1.0,,2019-12-27,3.8903615086469663
MCBS_20191003,MCBS,"MetroCity Bankshares, Inc.",2019-10-03,26176500.0,13.5,True,True,True,True,True,,Yahoo/pilot,data/raw/yahoo/MCBS.parquet,True,1.0,-0.0007410321914974,2019-12-27,-0.0007410321914974
VIE_20191003,VIE,Viela Bio,2019-10-03,150100000.0,19.0,True,True,False,False,False,missing_split_unit_validation;incomplete_prices;incomplete_volume,Yahoo/pilot,data/raw/yahoo/VIE.parquet,False,1.0,,2019-12-27,
OPRT_20190926,OPRT,Oportun Financial Corporation,2019-09-26,93750000.0,15.0,True,True,True,True,True,,Yahoo/pilot,data/raw/yahoo/OPRT.parquet,True,1.0,0.0751074772050457,2019-12-19,0.0751074772050457
PTON_20190926,PTON,"Peloton Interactive, Inc.",2019-09-26,1160000000.0,29.0,True,True,True,True,True,,Yahoo/pilot,data/raw/yahoo/PTON.parquet,True,1.0,-0.1184729198651568,2019-12-19,-0.1184729198651568
DDOG_20190919,DDOG,"Datadog, Inc.",2019-09-19,648000000.0,27.0,True,True,True,True,True,,Yahoo/pilot,data/raw/yahoo/DDOG.parquet,True,1.0,0.3298364918878529,2019-12-12,0.3298364918878529
PING_20190919,PING,Ping Identity Holding Corp.,2019-09-19,187500000.0,15.0,True,True,False,False,False,missing_split_unit_validation;incomplete_prices;incomplete_volume,Yahoo/pilot,data/raw/yahoo/PING.parquet,False,1.0,,2019-12-12,
XGN_20190919,XGN,Exagen Inc.,2019-09-19,50400000.0,14.0,True,True,True,True,True,,Yahoo/pilot,data/raw/yahoo/XGN.parquet,True,1.0,0.2006057939610557,2019-12-12,0.2006057939610557
IGMS_20190918,IGMS,"IGM Biosciences, Inc.",2019-09-18,175000000.0,16.0,True,True,False,False,False,missing_split_unit_validation;incomplete_prices;incomplete_volume,Yahoo/pilot,data/raw/yahoo/IGMS.parquet,False,1.0,,2019-12-11,
NVST_20190918,NVST,Envista Holdings Corporation,2019-09-18,588896000.0,22.0,True,True,True,True,True,,Yahoo/pilot,data/raw/yahoo/NVST.parquet,True,1.0,0.2393747735393735,2019-12-11,0.2393747735393735
ALRS_20190913,ALRS,Alerus Financial Corporation,2019-09-13,60060000.0,21.0,True,True,True,True,True,,Yahoo/pilot,data/raw/yahoo/ALRS.parquet,True,1.0,0.0465200156348929,2019-12-06,0.0465200156348929
EXPC_20190913,EXPC,Experience Investment Corp.,2019-09-13,,10.0,True,True,False,False,False,missing_positive_proceeds;incomplete_prices;incomplete_volume,Yahoo/pilot,data/raw/yahoo/EXPC.parquet,False,1.0,,2019-12-06,
NET_20190913,NET,"Cloudflare, Inc.",2019-09-13,525000000.0,15.0,True,True,True,True,True,,Yahoo/pilot,data/raw/yahoo/NET.parquet,True,1.0,0.1823215567939546,2019-12-06,0.1823215567939546
STSA_20190913,STSA,"Satsuma Pharmaceuticals, Inc.",2019-09-13,82500000.0,15.0,True,True,False,False,False,missing_split_unit_validation;incomplete_prices;incomplete_volume,Yahoo/pilot,data/raw/yahoo/STSA.parquet,False,1.0,,2019-12-06,
SWTX_20190913,SWTX,"Springworks Therapeutics, Inc.",2019-09-13,162000000.0,18.0,True,True,False,False,False,missing_split_unit_validation;incomplete_prices;incomplete_volume,Yahoo/pilot,data/raw/yahoo/SWTX.parquet,False,1.0,,2019-12-06,
SDCCQ_20190912,SDCCQ,"SmileDirectClub, Inc.",2019-09-12,,,True,True,True,True,False,missing_positive_proceeds;missing_positive_offer_price,Yahoo/pilot,data/raw/yahoo/SDCCQ.parquet,False,1.0,,2019-12-05,
TXG_20190912,TXG,"10x Genomics, Inc.",2019-09-12,390000000.0,39.0,True,True,True,True,True,,Yahoo/pilot,data/raw/yahoo/TXG.parquet,True,1.0,0.3020021262265295,2019-12-05,0.3020021262265295
SONG_20190911,SONG,Akazoo S.A.,2019-09-11,,,True,True,False,False,False,missing_positive_proceeds;missing_positive_offer_price;incomplete_prices;incomplete_volume,Yahoo/pilot,data/raw/yahoo/SONG.parquet,False,1.0,,2019-12-04,
CFB_20190815,CFB,"CrossFirst Bankshares, Inc.",2019-08-15,101668041.0,14.5,True,True,False,False,False,missing_split_unit_validation;incomplete_prices;incomplete_volume,Yahoo/pilot,data/raw/yahoo/CFB.parquet,False,1.0,,2019-11-07,
SGRX_20190814,SGRX,Sangrix Inc.,2019-08-14,,,True,True,True,True,False,missing_positive_proceeds;missing_positive_offer_price;unverified_nasdaq_adjustment,Nasdaq/historical,data/raw/check2/recovered_nasdaq_SGRX_20190814.parquet,False,1.0,,2019-11-06,
INMD_20190808,INMD,InMode Ltd.,2019-08-08,70000000.0,14.0,True,True,True,True,True,,Yahoo/pilot,data/raw/yahoo/INMD.parquet,True,2.0,-0.0311958782574848,2019-10-31,-0.0311958782574848
AMTD_20190805,AMTD,AMTD IDEA Group,2019-08-05,,8.38,True,True,True,True,False,missing_positive_proceeds,Yahoo/pilot,data/raw/yahoo/AMTD.parquet,False,1.0,,2019-10-28,1.9774564042222655
DT_20190801,DT,"Dynatrace, Inc.",2019-08-01,569753792.0,16.0,True,True,True,True,True,,Yahoo/pilot,data/raw/yahoo/DT.parquet,True,1.0,0.3991955110891066,2019-10-24,0.3991955110891066
KRUS_20190801,KRUS,"Kura Sushi USA, Inc.",2019-08-01,40600000.0,14.0,True,True,True,True,True,,Yahoo/pilot,data/raw/yahoo/KRUS.parquet,True,1.0,0.3369823417175018,2019-10-24,0.3369823417175018
SNDL_20190801,SNDL,SNDL Inc.,2019-08-01,130000000.0,13.0,True,True,True,True,True,,Yahoo/pilot,data/raw/yahoo/SNDL.parquet,True,0.1,-0.4272388716700155,2019-10-24,-0.4272388716700155
BORR_20190731,BORR,Borr Drilling Limited,2019-07-31,46500000.0,9.3,True,True,True,True,True,,Yahoo/pilot,data/raw/yahoo/BORR.parquet,True,0.5,0.0493021127494893,2019-10-23,0.0493021127494893
BHAT_20190726,BHAT,Blue Hat Interactive Entertainment Technology,2019-07-26,8000000.0,4.0,True,True,False,False,False,missing_split_unit_validation;incomplete_prices;incomplete_volume,Yahoo/pilot,data/raw/yahoo/BHAT.parquet,False,1.0,,2019-10-18,
VIST_20190726,VIST,"Vista Energy, S.A.B. de C.V.",2019-07-26,92500000.0,9.25,True,True,True,True,True,,Yahoo/pilot,data/raw/yahoo/VIST.parquet,True,1.0,-0.0163490960817801,2019-10-18,-0.0163490960817801
WSG_20190726,WSG,Wanda Sports Group Co. Ltd.,2019-07-26,190400000.0,8.0,True,True,False,False,False,missing_split_unit_validation;incomplete_prices;incomplete_volume,Yahoo/pilot,data/raw/yahoo/WSG.parquet,False,1.0,,2019-10-18,
CSTL_20190725,CSTL,"Castle Biosciences, Inc.",2019-07-25,64000000.0,16.0,True,True,True,True,True,,Yahoo/pilot,data/raw/yahoo/CSTL.parquet,True,1.0,0.2908021819623362,2019-10-17,0.2908021819623362
FLLC_20190725,FLLC,"Fellazo, Inc.",2019-07-25,,10.0,True,True,False,False,False,missing_positive_proceeds;incomplete_prices;incomplete_volume,Yahoo/pilot,data/raw/yahoo/FLLC.parquet,False,1.0,,2019-10-17,
HCAT_20190725,HCAT,"Health Catalyst, Inc.",2019-07-25,182000000.0,26.0,True,True,True,True,True,,Yahoo/pilot,data/raw/yahoo/HCAT.parquet,True,1.0,0.4098145629099027,2019-10-17,0.4098145629099027
LVGO_20190725,LVGO,Livongo Health,2019-07-25,355236000.0,28.0,True,True,False,False,False,missing_split_unit_validation;incomplete_prices;incomplete_volume,Yahoo/pilot,data/raw/yahoo/LVGO.parquet,False,1.0,,2019-10-17,
NOVA_20190725,NOVA,"Sunnova Energy International, Inc.",2019-07-25,168000000.0,12.0,True,True,False,False,False,missing_split_unit_validation;incomplete_prices;incomplete_volume,Yahoo/pilot,data/raw/yahoo/NOVA.parquet,False,1.0,,2019-10-17,
PROS_20190725,PROS,"ProSight Global, Inc.",2019-07-25,110000030.0,14.0,True,True,False,False,False,missing_split_unit_validation;incomplete_prices;incomplete_volume,Yahoo/pilot,data/raw/yahoo/PROS.parquet,False,1.0,,2019-10-17,
AFYA_20190719,AFYA,Afya Limited,2019-07-19,261139990.0,19.0,True,True,True,True,True,,Yahoo/pilot,data/raw/yahoo/AFYA.parquet,True,1.0,0.2271355437875418,2019-10-11,0.2271355437875418
IFS_20190719,IFS,Intercorp Financial Services Inc.,2019-07-19,414000000.0,46.0,True,True,True,True,True,,Yahoo/pilot,data/raw/yahoo/IFS.parquet,True,1.0,0.0215062052209636,2019-10-11,0.0215062052209636
MDLA_20190719,MDLA,"Medallia, Inc.",2019-07-19,325500000.0,21.0,True,True,False,False,False,missing_split_unit_validation;incomplete_prices;incomplete_volume,Yahoo/pilot,data/raw/yahoo/MDLA.parquet,False,1.0,,2019-10-11,
AMK_20190718,AMK,"AssetMark Financial Holdings, Inc.",2019-07-18,275000000.0,22.0,True,True,False,False,False,missing_split_unit_validation;incomplete_prices;incomplete_volume,Yahoo/pilot,data/raw/yahoo/AMK.parquet,False,1.0,,2019-10-10,
FULC_20190718,FULC,"Fulcrum Therapeutics, Inc.",2019-07-18,72000000.0,16.0,True,True,True,True,True,,Yahoo/pilot,data/raw/yahoo/FULC.parquet,True,1.0,-0.1698990367953974,2019-10-10,-0.1698990367953974
IHRT_20190718,IHRT,"iHeartMedia, Inc.",2019-07-18,,17.0,True,True,True,True,False,missing_positive_proceeds,Yahoo/pilot,data/raw/yahoo/IHRT.parquet,False,1.0,,2019-10-10,-0.0298529631496811
MIRM_20190718,MIRM,"Mirum Pharmaceuticals, Inc.",2019-07-18,75000000.0,15.0,True,True,True,True,True,,Yahoo/pilot,data/raw/yahoo/MIRM.parquet,True,1.0,-0.1270760796802416,2019-10-10,-0.1270760796802416
PHR_20190718,PHR,"Phreesia, Inc.",2019-07-18,167187492.0,18.0,True,True,True,True,True,,Yahoo/pilot,data/raw/yahoo/PHR.parquet,True,1.0,0.331698954826532,2019-10-10,0.331698954826532
DOYU_20190717,DOYU,DouYu International Holdings Limited,2019-07-17,774951765.0,11.5,True,True,True,True,True,,Yahoo/pilot,data/raw/yahoo/DOYU.parquet,True,0.1,0.0,2019-10-09,0.0
SCPE_20190712,SCPE,SC Health Corporation,2019-07-12,,10.0,True,True,False,False,False,missing_positive_proceeds;incomplete_prices;incomplete_volume,Yahoo/pilot,data/raw/yahoo/SCPE.parquet,False,1.0,,2019-10-04,
RMBI_20190702,RMBI,"Richmond Mutual Bancorporation, Inc.",2019-07-02,,10.0,True,True,True,True,False,missing_positive_proceeds,Yahoo/pilot,data/raw/yahoo/RMBI.parquet,False,1.0,,2019-09-25,0.3111544006904225
KRTX_20190628,KRTX,"Karuna Therapeutics, Inc.",2019-06-28,89249984.0,16.0,True,True,False,False,False,missing_split_unit_validation;incomplete_prices;incomplete_volume,Yahoo/pilot,data/raw/yahoo/KRTX.parquet,False,1.0,,2019-09-23,
REAL_20190628,REAL,"The RealReal, Inc.",2019-06-28,300000000.0,20.0,True,True,True,True,True,,Yahoo/pilot,data/raw/yahoo/REAL.parquet,True,1.0,0.3681093083647509,2019-09-23,0.3681093083647509
ADPT_20190627,ADPT,Adaptive Biotechnologies Corporation,2019-06-27,300000000.0,20.0,True,True,True,True,True,,Yahoo/pilot,data/raw/yahoo/ADPT.parquet,True,1.0,0.7006191764671461,2019-09-20,0.7006191764671461
BBIO_20190627,BBIO,"BridgeBio Pharma, Inc.",2019-06-27,348500000.0,17.0,True,True,True,True,True,,Yahoo/pilot,data/raw/yahoo/BBIO.parquet,True,1.0,0.4827891638498049,2019-09-20,0.4827891638498049
CHNG_20190627,CHNG,"Change Healthcare, Inc.",2019-06-27,557142846.0,13.0,True,True,False,False,False,missing_split_unit_validation;incomplete_prices;incomplete_volume,Yahoo/pilot,data/raw/yahoo/CHNG.parquet,False,1.0,,2019-09-20,
MORF_20190627,MORF,"Morphic Holding, Inc.",2019-06-27,90000000.0,15.0,True,True,False,False,False,missing_split_unit_validation;incomplete_prices;incomplete_volume,Yahoo/pilot,data/raw/yahoo/MORF.parquet,False,1.0,,2019-09-20,
CMBM_20190626,CMBM,Cambium Networks Corporation,2019-06-26,69600000.0,12.0,True,True,False,False,False,missing_split_unit_validation;incomplete_prices;incomplete_volume,Yahoo/pilot,data/raw/yahoo/CMBM.parquet,False,1.0,,2019-09-19,
LINX_20190626,LINX,Linx S.A.,2019-06-26,308081249.0,9.4,True,True,False,False,False,missing_split_unit_validation;incomplete_prices;incomplete_volume,Yahoo/pilot,data/raw/yahoo/LINX.parquet,False,1.0,,2019-09-19,
AKRO_20190620,AKRO,"Akero Therapeutics, Inc.",2019-06-20,92000000.0,16.0,True,True,False,False,False,missing_split_unit_validation;incomplete_prices;incomplete_volume,Yahoo/pilot,data/raw/yahoo/AKRO.parquet,False,1.0,,2019-09-13,
BCEL_20190620,BCEL,"Atreca, Inc.",2019-06-20,124950000.0,17.0,True,True,False,False,False,missing_split_unit_validation;incomplete_prices;incomplete_volume,Yahoo/pilot,data/raw/yahoo/BCEL.parquet,False,1.0,,2019-09-13,
GO_20190620,GO,Grocery Outlet Holding Corp.,2019-06-20,378125000.0,22.0,True,True,True,True,True,,Yahoo/pilot,data/raw/yahoo/GO.parquet,True,1.0,0.2592124575943895,2019-09-13,0.2592124575943895
PRVL_20190620,PRVL,Prevail Therapeutics Inc.,2019-06-20,125001000.0,17.0,True,True,False,False,False,missing_split_unit_validation;incomplete_prices;incomplete_volume,Yahoo/pilot,data/raw/yahoo/PRVL.parquet,False,1.0,,2019-09-13,
PSNL_20190620,PSNL,"Personalis, Inc.",2019-06-20,134665500.0,17.0,True,True,True,True,True,,Yahoo/pilot,data/raw/yahoo/PSNL.parquet,True,1.0,0.5163397964198403,2019-09-13,0.5163397964198403
SMMC_20190620,SMMC,South Mountain Merger Corp.,2019-06-20,,10.0,True,True,False,False,False,missing_positive_proceeds;incomplete_prices;incomplete_volume,Yahoo/pilot,data/raw/yahoo/SMMC.parquet,False,1.0,,2019-09-13,
WORK_20190620,WORK,"Slack Technologies, Inc.",2019-06-20,4559541140.0,38.5,False,True,False,False,False,direct_listing_no_comparable_proceeds;incomplete_prices;incomplete_volume,Yahoo/pilot,data/raw/yahoo/WORK.parquet,False,1.0,,2019-09-13,
STOK_20190619,STOK,"Stoke Therapeutics, Inc.",2019-06-19,142039980.0,18.0,True,True,True,True,True,,Yahoo/pilot,data/raw/yahoo/STOK.parquet,True,1.0,0.3510480194720153,2019-09-12,0.3510480194720153
CHWY_20190614,CHWY,"Chewy, Inc.",2019-06-14,1023000000.0,22.0,True,True,True,True,True,,Yahoo/pilot,data/raw/yahoo/CHWY.parquet,True,1.0,0.4640199009911795,2019-09-09,0.4640199009911795
FVRR_20190613,FVRR,Fiverr International Ltd.,2019-06-13,110526318.0,21.0,True,True,True,True,True,,Yahoo/pilot,data/raw/yahoo/FVRR.parquet,True,1.0,0.6418539244149731,2019-09-06,0.6418539244149731
CRWD_20190612,CRWD,"CrowdStrike Holdings, Inc.",2019-06-12,612000000.0,34.0,True,True,True,True,True,,Yahoo/pilot,data/raw/yahoo/CRWD.parquet,True,4.0,0.5340824859302579,2019-09-05,0.5340824859302579
RVLV_20190607,RVLV,"Revolve Group, Inc.",2019-06-07,211764708.0,18.0,True,True,True,True,True,,Yahoo/pilot,data/raw/yahoo/RVLV.parquet,True,1.0,0.6359887667199967,2019-08-30,0.6359887667199967
BCYC_20190523,BCYC,Bicycle Therapeutics plc,2019-05-23,60666662.0,14.0,True,True,True,True,True,,Yahoo/pilot,data/raw/yahoo/BCYC.parquet,True,1.0,-0.1541506798272583,2019-08-16,-0.1541506798272583
IDYA_20190523,IDYA,"IDEAYA Biosciences, Inc.",2019-05-23,50000000.0,10.0,True,True,True,True,True,,Yahoo/pilot,data/raw/yahoo/IDYA.parquet,True,1.0,0.1124353918305292,2019-08-16,0.1124353918305292
RTLR_20190523,RTLR,Rattler Midstream LP,2019-05-23,665000000.0,17.5,True,True,False,False,False,missing_split_unit_validation;incomplete_prices;incomplete_volume,Yahoo/pilot,data/raw/yahoo/RTLR.parquet,False,1.0,,2019-08-16,
AVTR_20190517,AVTR,"Avantor, Inc.",2019-05-17,2898000000.0,14.0,True,True,True,True,True,,Yahoo/pilot,data/raw/yahoo/AVTR.parquet,True,1.0,0.0350913198112701,2019-08-12,0.0350913198112701
FSLY_20190517,FSLY,"Fastly, Inc.",2019-05-17,180000000.0,16.0,True,True,True,True,True,,Yahoo/pilot,data/raw/yahoo/FSLY.parquet,True,1.0,0.4050483450711034,2019-08-12,0.4050483450711034
LKNCY_20190517,LKNCY,"Luckin Coffee, Inc.",2019-05-17,,17.0,True,True,True,True,False,missing_positive_proceeds,Yahoo/pilot,data/raw/yahoo/LKNCY.parquet,False,1.0,,2019-08-12,0.181340642559098
PSTL_20190515,PSTL,"Postal Realty Trust, Inc.",2019-05-15,76500000.0,17.0,True,True,True,True,True,,Yahoo/pilot,data/raw/yahoo/PSTL.parquet,True,1.0,0.0,2019-08-08,0.0
APLT_20190514,APLT,"Applied Therapeutics, Inc.",2019-05-14,40000000.0,10.0,True,True,False,False,False,missing_split_unit_validation;incomplete_prices;incomplete_volume,Yahoo/pilot,data/raw/yahoo/APLT.parquet,False,1.0,,2019-08-07,
JFIN_20190510,JFIN,Jiayin Group Inc.,2019-05-10,36750000.0,10.5,True,True,True,True,True,,Yahoo/pilot,data/raw/yahoo/JFIN.parquet,True,1.0,0.4305447688847711,2019-08-05,0.4305447688847711
SONM_20190510,SONM,"DNA X, Inc.",2019-05-10,39285719.0,11.0,True,True,True,True,True,,Yahoo/pilot,data/raw/yahoo/SONM.parquet,True,0.0005555555555555,-0.0009095043828403,2019-08-05,-0.0009095043828403
UBER_20190510,UBER,"Uber Technologies, Inc.",2019-05-10,8100000000.0,45.0,True,True,True,True,True,,Yahoo/pilot,data/raw/yahoo/UBER.parquet,True,1.0,-0.0792837438470242,2019-08-05,-0.0792837438470242
AXLA_20190509,AXLA,"Axcella Health, Inc.",2019-05-09,71428560.0,20.0,True,True,False,False,False,missing_split_unit_validation;incomplete_prices;incomplete_volume,Yahoo/pilot,data/raw/yahoo/AXLA.parquet,False,1.0,,2019-08-02,
HHR_20190509,HHR,Headhunter Group PLC,2019-05-09,220108698.0,13.5,True,True,False,False,False,missing_split_unit_validation;incomplete_prices;incomplete_volume,Yahoo/pilot,data/raw/yahoo/HHR.parquet,False,1.0,,2019-08-02,
MEC_20190509,MEC,"Mayville Engineering Company, Inc.",2019-05-09,106250000.0,17.0,True,True,True,True,True,,Yahoo/pilot,data/raw/yahoo/MEC.parquet,True,1.0,-0.0316728415573485,2019-08-02,-0.0316728415573485
NXTC_20190509,NXTC,"NextCure, Inc.",2019-05-09,75000000.0,15.0,True,True,True,True,True,,Yahoo/pilot,data/raw/yahoo/NXTC.parquet,True,0.0833333333333333,0.2826695434077917,2019-08-02,0.2826695434077917
QNCX_20190509,QNCX,"Quince Therapeutics, Inc.",2019-05-09,,17.0,True,True,True,True,False,missing_positive_proceeds,Yahoo/pilot,data/raw/yahoo/QNCX.parquet,False,1.0,,2019-08-02,5.958272682692786
SPFI_20190509,SPFI,"South Plains Financial, Inc.",2019-05-09,59150000.0,17.5,True,True,True,True,True,,Yahoo/pilot,data/raw/yahoo/SPFI.parquet,True,1.0,0.0119285191697701,2019-08-02,0.0119285191697701
PSN_20190508,PSN,Parsons Corporation,2019-05-08,499999500.0,27.0,True,True,True,True,True,,Yahoo/pilot,data/raw/yahoo/PSN.parquet,True,1.0,0.1076911208472631,2019-08-01,0.1076911208472631
TRVI_20190507,TRVI,"Trevi Therapeutics, Inc.",2019-05-07,55000000.0,10.0,True,True,True,True,True,,Yahoo/pilot,data/raw/yahoo/TRVI.parquet,True,1.0,-0.2369889750582407,2019-07-31,-0.2369889750582407
TBBA_20190506,TBBA,"TEB Bancorp, Inc.",2019-05-06,,10.0,True,True,True,True,False,missing_positive_proceeds,Yahoo/pilot,data/raw/yahoo/TBBA.parquet,False,1.0,,2019-07-30,-0.1053605156578262
ATIF_20190503,ATIF,ATIF Holdings Limited,2019-05-03,10373360.0,5.0,True,True,True,True,True,,Yahoo/chart retry,data/raw/check2/recovered_ATIF_20190503_AUC.parquet,True,0.0555555555555555,-0.0100503529789662,2019-07-29,-0.0100503529789662
RRBI_20190503,RRBI,"Red River Bancshares, Inc.",2019-05-03,27000000.0,45.0,True,True,True,True,True,,Yahoo/pilot,data/raw/yahoo/RRBI.parquet,True,1.0,0.1103480571688654,2019-07-29,0.1103480571688654
SCPL_20190503,SCPL,SciPlay Corporation,2019-05-03,352000000.0,16.0,True,True,False,False,False,missing_split_unit_validation;incomplete_prices;incomplete_volume,Yahoo/pilot,data/raw/yahoo/SCPL.parquet,False,1.0,,2019-07-29,
YJ_20190503,YJ,Yunji Inc.,2019-05-03,121000000.0,11.0,True,True,True,True,True,,Yahoo/pilot,data/raw/yahoo/YJ.parquet,True,0.025,0.251819351290876,2019-07-29,0.251819351290876
BYND_20190502,BYND,"Beyond Meat, Inc.",2019-05-02,240625000.0,25.0,True,True,True,True,True,,Yahoo/pilot,data/raw/yahoo/BYND.parquet,True,0.0333333333333333,0.9669838461896731,2019-07-26,0.9669838461896731
SY_20190502,SY,So-Young International Inc.,2019-05-02,179400000.0,13.8,True,True,True,True,True,,Yahoo/pilot,data/raw/yahoo/SY.parquet,True,1.0,0.2767530438393399,2019-07-26,0.2767530438393399
TMDX_20190502,TMDX,"TransMedics Group, Inc.",2019-05-02,91040000.0,16.0,True,True,True,True,True,,Yahoo/pilot,data/raw/yahoo/TMDX.parquet,True,1.0,0.3346849533436983,2019-07-26,0.3346849533436983
WAFU_20190430,WAFU,Wah Fu Education Group Limited,2019-04-30,5905165.0,5.0,True,True,True,True,True,,Yahoo/pilot,data/raw/yahoo/WAFU.parquet,True,1.0,-0.1984509619841876,2019-07-24,-0.1984509619841876
GNLN_20190418,GNLN,"Greenlane Holdings, Inc.",2019-04-18,102000000.0,17.0,True,True,True,True,True,,Yahoo/pilot,data/raw/yahoo/GNLN.parquet,True,7.575757575757579e-08,0.2160596964258049,2019-07-15,0.2160596964258049
HOOK_20190418,HOOK,HOOKIPA Pharma Inc.,2019-04-18,84000000.0,14.0,True,True,False,False,False,missing_split_unit_validation;incomplete_prices;incomplete_volume,Yahoo/pilot,data/raw/yahoo/HOOK.parquet,False,1.0,,2019-07-15,
MNRL_20190418,MNRL,"Brigham Minerals, Inc.",2019-04-18,261000000.0,18.0,True,True,False,False,False,missing_split_unit_validation;incomplete_prices;incomplete_volume,Yahoo/pilot,data/raw/yahoo/MNRL.parquet,False,1.0,,2019-07-15,
PINS_20190418,PINS,"Pinterest, Inc.",2019-04-18,1425000000.0,19.0,True,True,True,True,True,,Yahoo/pilot,data/raw/yahoo/PINS.parquet,True,1.0,0.2501441374987104,2019-07-15,0.2501441374987104
ZM_20190418,ZM,"Zoom Communications, Inc.",2019-04-18,751304340.0,36.0,True,True,True,True,True,,Yahoo/pilot,data/raw/yahoo/ZM.parquet,True,1.0,0.5436154465889816,2019-07-15,0.5436154465889816
BWAY_20190417,BWAY,BrainsWay Ltd.,2019-04-17,27500000.0,11.0,True,True,True,True,True,,Yahoo/pilot,data/raw/yahoo/BWAY.parquet,True,2.0,0.0081485423229573,2019-07-12,0.0081485423229573
PLMR_20190417,PLMR,"Palomar Holdings, Inc.",2019-04-17,84375000.0,15.0,True,True,True,True,True,,Yahoo/pilot,data/raw/yahoo/PLMR.parquet,True,1.0,0.2358623116692283,2019-07-12,0.2358623116692283
TPTX_20190417,TPTX,"Turning Point Therapeutics, Inc.",2019-04-17,166500000.0,18.0,True,True,False,False,False,missing_split_unit_validation;incomplete_prices;incomplete_volume,Yahoo/pilot,data/raw/yahoo/TPTX.parquet,False,1.0,,2019-07-12,
JMIA_20190412,JMIA,Jumia Technologies AG,2019-04-12,195750000.0,14.5,True,True,True,True,True,,Yahoo/pilot,data/raw/yahoo/JMIA.parquet,True,1.0,0.5629599077432911,2019-07-09,0.5629599077432911
PD_20190411,PD,"PagerDuty, Inc.",2019-04-11,217680000.0,24.0,True,True,True,True,True,,Yahoo/pilot,data/raw/yahoo/PD.parquet,True,1.0,0.4660897299245992,2019-07-08,0.4660897299245992
TUFN_20190411,TUFN,Tufin Software Technologies Ltd.,2019-04-11,107800000.0,14.0,True,True,False,False,False,missing_split_unit_validation;incomplete_prices;incomplete_volume,Yahoo/pilot,data/raw/yahoo/TUFN.parquet,False,1.0,,2019-07-08,
GHSI_20190405,GHSI,"Guardion Health Sciences, Inc.",2019-04-05,5000000.0,4.0,True,True,False,False,False,missing_split_unit_validation;incomplete_prices;incomplete_volume,Yahoo/pilot,data/raw/yahoo/GHSI.parquet,False,1.0,,2019-07-01,
NGM_20190404,NGM,"NGM Biopharmaceuticals, Inc.",2019-04-04,106666672.0,16.0,True,True,False,False,False,missing_split_unit_validation;incomplete_prices;incomplete_volume,Yahoo/pilot,data/raw/yahoo/NGM.parquet,False,1.0,,2019-06-28,
SILK_20190404,SILK,"Silk Road Medical, Inc.",2019-04-04,120000000.0,20.0,True,True,False,False,False,missing_split_unit_validation;incomplete_prices;incomplete_volume,Yahoo/pilot,data/raw/yahoo/SILK.parquet,False,1.0,,2019-06-28,
TW_20190404,TW,Tradeweb Markets Inc.,2019-04-04,1080000000.0,27.0,True,True,True,True,True,,Yahoo/pilot,data/raw/yahoo/TW.parquet,True,1.0,0.2823903563553835,2019-06-28,0.2823903563553835
RUHN_20190403,RUHN,Ruhnn Holding Limited,2019-04-03,125000000.0,12.5,True,True,False,False,False,missing_split_unit_validation;incomplete_prices;incomplete_volume,Yahoo/pilot,data/raw/yahoo/RUHN.parquet,False,1.0,,2019-06-27,
XTKG_20190402,XTKG,"X3 Holdings Co., Ltd.",2019-04-02,,,True,True,False,False,False,missing_positive_proceeds;missing_positive_offer_price;incomplete_prices;incomplete_volume,Yahoo/pilot,data/raw/yahoo/XTKG.parquet,False,1.0,,2019-06-26,
HPH_20190329,HPH,Highest Performances Holdings Inc.,2019-03-29,,,True,True,False,False,False,missing_positive_proceeds;missing_positive_offer_price;incomplete_prices;incomplete_volume,Yahoo/pilot,data/raw/yahoo/HPH.parquet,False,1.0,,2019-06-24,
LYFT_20190329,LYFT,"Lyft, Inc.",2019-03-29,2340000000.0,72.0,True,True,True,True,True,,Yahoo/pilot,data/raw/yahoo/LYFT.parquet,True,1.0,0.0837537735978195,2019-06-24,0.0837537735978195
DTIL_20190328,DTIL,"Precision BioSciences, Inc.",2019-03-28,126400000.0,16.0,True,True,True,True,True,,Yahoo/pilot,data/raw/yahoo/DTIL.parquet,True,0.0333333333333333,0.0861777195725338,2019-06-21,0.0861777195725338
WTRE_20190328,WTRE,Watford Holdings Ltd.,2019-03-28,140917578.0,25.26,True,True,True,True,True,,Yahoo/pilot,data/raw/yahoo/WTRE.parquet,True,1.0,0.2311871219747369,2019-06-21,0.2311871219747369
GNFT_20190327,GNFT,Genfit S.A.,2019-03-27,124968000.0,20.32,True,True,False,False,False,missing_split_unit_validation;incomplete_prices;incomplete_volume,Yahoo/pilot,data/raw/yahoo/GNFT.parquet,False,1.0,,2019-06-20,
LEVI_20190321,LEVI,Levi Strauss & Co.,2019-03-21,623333339.0,17.0,True,True,True,True,True,,Yahoo/pilot,data/raw/yahoo/LEVI.parquet,True,1.0,0.2762939369476998,2019-06-14,0.2762939369476998
TIGR_20190320,TIGR,UP Fintech Holding Limited,2019-03-20,104000000.0,8.0,True,True,True,True,True,,Yahoo/pilot,data/raw/yahoo/TIGR.parquet,True,1.0,0.311154435623548,2019-06-13,0.311154435623548
FUTU_20190308,FUTU,Futu Holdings Limited,2019-03-08,,12.0,True,True,True,True,False,missing_positive_proceeds,Yahoo/pilot,data/raw/yahoo/FUTU.parquet,False,1.0,,2019-06-03,0.2442524946043545
SWAV_20190307,SWAV,"Shockwave Medical, Inc.",2019-03-07,96900000.0,17.0,True,True,False,False,False,missing_split_unit_validation;incomplete_prices;incomplete_volume,Yahoo/pilot,data/raw/yahoo/SWAV.parquet,False,1.0,,2019-05-31,
KLDO_20190228,KLDO,"Kaleido Biosciences, Inc.",2019-02-28,75000000.0,15.0,True,True,True,True,True,,Yahoo/pilot,data/raw/yahoo/KLDO.parquet,True,1.0,-0.0526978211693654,2019-05-23,-0.0526978211693654
SLE_20190226,SLE,"Super League Enterprise, Inc.",2019-02-26,,11.0,True,True,True,True,False,missing_positive_proceeds,Yahoo/pilot,data/raw/yahoo/SLE.parquet,False,1.0,,2019-05-21,9.01763784616321
SOLY_20190219,SOLY,"Soliton, Inc.",2019-02-19,10862955.0,5.0,True,True,False,False,False,missing_split_unit_validation;incomplete_prices;incomplete_volume,Yahoo/pilot,data/raw/yahoo/SOLY.parquet,False,1.0,,2019-05-14,
AREC_20190215,AREC,American Resources Corporation,2019-02-15,,4.0,True,True,True,True,False,missing_positive_proceeds,Yahoo/pilot,data/raw/yahoo/AREC.parquet,False,1.0,,2019-05-13,0.0582688541424092
MITO_20190215,MITO,Stealth BioTherapeutics Corp.,2019-02-15,78000000.0,12.0,True,True,False,False,False,missing_split_unit_validation;incomplete_prices;incomplete_volume,Yahoo/pilot,data/raw/yahoo/MITO.parquet,False,1.0,,2019-05-13,
RKTO_20190215,RKTO,Rocket One Inc.,2019-02-15,,,True,True,True,True,False,missing_positive_proceeds;missing_positive_offer_price,Yahoo/pilot,data/raw/yahoo/RKTO.parquet,False,1.0,,2019-05-13,
AVDR_20190214,AVDR,"Avedro, Inc.",2019-02-14,70000000.0,14.0,True,True,False,False,False,missing_split_unit_validation;incomplete_prices;incomplete_volume,Yahoo/pilot,data/raw/yahoo/AVDR.parquet,False,1.0,,2019-05-10,
TCRR_20190214,TCRR,TCR2 Therapeutics Inc.,2019-02-14,75000000.0,15.0,True,True,False,False,False,missing_split_unit_validation;incomplete_prices;incomplete_volume,Yahoo/pilot,data/raw/yahoo/TCRR.parquet,False,1.0,,2019-05-10,
BACK_20190213,BACK,"IMAC Holdings, Inc.",2019-02-13,,5.13,True,True,True,True,False,missing_positive_proceeds,Yahoo/pilot,data/raw/yahoo/BACK.parquet,False,1.0,,2019-05-09,3.0690044884816836
ANCN_20190212,ANCN,Anchiano Therapeutics,2019-02-12,30500001.0,11.5,True,True,False,False,False,missing_split_unit_validation;incomplete_prices;incomplete_volume,Yahoo/pilot,data/raw/yahoo/ANCN.parquet,False,1.0,,2019-05-08,
GOSS_20190208,GOSS,"Gossamer Bio, Inc.",2019-02-08,276000000.0,16.0,True,True,True,True,True,,Yahoo/pilot,data/raw/yahoo/GOSS.parquet,True,1.0,0.1144441641599663,2019-05-06,0.1144441641599663
HARP_20190208,HARP,"Harpoon Therapeutics, Inc.",2019-02-08,75600000.0,14.0,True,True,False,False,False,missing_split_unit_validation;incomplete_prices;incomplete_volume,Yahoo/pilot,data/raw/yahoo/HARP.parquet,False,1.0,,2019-05-06,
ALEC_20190207,ALEC,"Alector, Inc.",2019-02-07,175750000.0,19.0,True,True,True,True,True,,Yahoo/pilot,data/raw/yahoo/ALEC.parquet,True,1.0,-0.0496326284222079,2019-05-03,-0.0496326284222079
INMB_20190204,INMB,INmune Bio Inc.,2019-02-04,8164480.0,8.0,True,True,True,True,True,,Yahoo/pilot,data/raw/yahoo/INMB.parquet,True,1.0,-0.00125081054769,2019-04-30,-0.00125081054769
GMHI_20190201,GMHI,Gores Metropoulos,2019-02-01,,10.0,True,True,False,False,False,missing_positive_proceeds;incomplete_prices;incomplete_volume,Yahoo/pilot,data/raw/yahoo/GMHI.parquet,False,1.0,,2019-04-29,
NFE_20190131,NFE,New Fortress Energy Inc.,2019-01-31,280000000.0,14.0,True,True,True,True,True,,Yahoo/pilot,data/raw/yahoo/NFE.parquet,True,1.0,-0.0687378253284611,2019-04-26,-0.0687378253284611
RBKB_20190117,RBKB,"Rhinebeck Bancorp, Inc.",2019-01-17,,10.0,True,True,True,True,False,missing_positive_proceeds,Yahoo/pilot,data/raw/yahoo/RBKB.parquet,False,1.0,,2019-04-12,-0.1730589765883039
BCOW_20190109,BCOW,"1895 Bancorp of Wisconsin, Inc.",2019-01-09,,10.0,True,True,True,True,False,missing_positive_proceeds,Yahoo/pilot,data/raw/yahoo/BCOW.parquet,False,1.0,,2019-04-04,-0.040821954783826
MDJH_20190108,MDJH,MDJM Ltd.,2019-01-08,6207295.0,5.0,True,True,True,True,True,,Yahoo/chart retry,data/raw/check2/recovered_MDJH_20190108_UOKAF.parquet,True,0.0011428571428571,-0.0618754037180874,2019-04-03,-0.0618754037180874
MTC_20190108,MTC,"MMTec, Inc.",2019-01-08,7200000.0,4.0,True,True,True,False,False,missing_split_unit_validation;incomplete_volume;unverified_nasdaq_adjustment,Nasdaq/historical,data/raw/check2/recovered_nasdaq_MTC_20190108.parquet,False,1.0,,2019-04-03,4.777441406928545
SXTC_20190104,SXTC,"China SXT Pharmaceuticals, Inc.",2019-01-04,10185100.0,4.0,True,True,True,True,True,,Yahoo/pilot,data/raw/yahoo/SXTC.parquet,True,8.333333333333334e-07,0.3611648492115846,2019-04-01,0.3611648492115846
MRM_20201229,MRM,MEDIROM Healthcare Technologies Inc.,2020-12-29,12000000.0,15.0,True,True,True,True,True,,Yahoo/pilot,data/raw/yahoo/MRM.parquet,True,1.0,0.0073065524608791,2021-03-25,0.0073065524608791
GBS_20201223,GBS,"GBS, Inc.",2020-12-23,21600013.0,17.0,True,True,False,False,False,missing_split_unit_validation;incomplete_prices;incomplete_volume,Yahoo/pilot,data/raw/yahoo/GBS.parquet,False,1.0,,2021-03-22,
IKT_20201223,IKT,"Inhibikase Therapeutics, Inc.",2020-12-23,18000000.0,10.0,True,True,True,True,True,,Yahoo/pilot,data/raw/yahoo/IKT.parquet,True,0.1666666666666666,-0.0100503101653047,2021-03-22,-0.0100503101653047
MASS_20201218,MASS,908 Devices Inc.,2020-12-18,130000000.0,20.0,True,True,True,True,True,,Yahoo/pilot,data/raw/yahoo/MASS.parquet,True,1.0,0.8960880245566357,2021-03-17,0.8960880245566357
MDWT_20201217,MDWT,"Midwest Holding, Inc.",2020-12-17,70000000.0,70.0,True,True,False,False,False,missing_split_unit_validation;incomplete_prices;incomplete_volume,Yahoo/pilot,data/raw/yahoo/MDWT.parquet,False,1.0,,2021-03-16,
VIRI_20201217,VIRI,"Virios Therapeutics, Inc.",2020-12-17,30000000.0,10.0,True,True,False,False,False,missing_split_unit_validation;incomplete_prices;incomplete_volume,Yahoo/pilot,data/raw/yahoo/VIRI.parquet,False,1.0,,2021-03-16,
BCAB_20201216,BCAB,"BioAtla, Inc.",2020-12-16,189000000.0,18.0,True,True,True,True,True,,Yahoo/pilot,data/raw/yahoo/BCAB.parquet,True,0.02,0.5442603998522281,2021-03-15,0.5442603998522281
LOGC_20201216,LOGC,"ContextLogic, Inc.",2020-12-16,,24.0,True,True,True,True,False,missing_positive_proceeds,Yahoo/pilot,data/raw/yahoo/LOGC.parquet,False,1.0,,2021-03-15,3.2213727050667877
SCPS_20201216,SCPS,"Scopus Biopharma, Inc.",2020-12-16,2750000.0,5.5,True,True,True,True,True,,Yahoo/pilot,data/raw/yahoo/SCPS.parquet,True,1.0,0.0735883695449796,2021-03-15,0.0735883695449796
UPST_20201216,UPST,"Upstart Holdings, Inc.",2020-12-16,240313800.0,20.0,True,True,True,True,True,,Yahoo/pilot,data/raw/yahoo/UPST.parquet,True,1.0,0.3876404998957984,2021-03-15,0.3876404998957984
OCG_20201215,OCG,Oriental Culture Holding LTD,2020-12-15,20260000.0,4.0,True,True,True,True,True,,Yahoo/pilot,data/raw/yahoo/OCG.parquet,True,0.0003030303030303,0.4054651081081644,2021-03-12,0.4054651081081644
WNW_20201215,WNW,Meiwu Technology Company Limited,2020-12-15,29999550.0,5.0,True,True,True,True,True,,Yahoo/pilot,data/raw/yahoo/WNW.parquet,True,1.4285714285714284e-05,0.8796267475025635,2021-03-12,0.8796267475025635
ABCL_20201211,ABCL,AbCellera Biologics Inc.,2020-12-11,483000000.0,20.0,True,True,True,True,True,,Yahoo/pilot,data/raw/yahoo/ABCL.parquet,True,1.0,1.080108843009813,2021-03-10,1.080108843009813
CERT_20201211,CERT,"Certara, Inc.",2020-12-11,668265000.0,23.0,True,True,True,True,True,,Yahoo/pilot,data/raw/yahoo/CERT.parquet,True,1.0,0.5041950420784331,2021-03-10,0.5041950420784331
FDMT_20201211,FDMT,"4D Molecular Therapeutics, Inc.",2020-12-11,193200000.0,23.0,True,True,True,True,True,,Yahoo/pilot,data/raw/yahoo/FDMT.parquet,True,1.0,0.5658077581833438,2021-03-10,0.5658077581833438
NBTX_20201211,NBTX,Nanobiotix S.A.,2020-12-11,98550000.0,13.5,True,True,True,True,True,,Yahoo/pilot,data/raw/yahoo/NBTX.parquet,True,1.0,0.2293464684798258,2021-03-10,0.2293464684798258
VVOS_20201211,VVOS,"Vivos Therapeutics, Inc.",2020-12-11,21000000.0,6.0,True,True,True,True,True,,Yahoo/pilot,data/raw/yahoo/VVOS.parquet,True,0.04,0.4043533792554739,2021-03-10,0.4043533792554739
ABNB_20201210,ABNB,"Airbnb, Inc.",2020-12-10,3490000108.0,68.0,True,True,True,True,True,,Yahoo/pilot,data/raw/yahoo/ABNB.parquet,True,1.0,0.7552240809691165,2021-03-09,0.7552240809691165
HYFM_20201210,HYFM,"Hydrofarm Holdings Group, Inc.",2020-12-10,173333340.0,20.0,True,True,True,True,True,,Yahoo/pilot,data/raw/yahoo/HYFM.parquet,True,0.1,0.9553191658007832,2021-03-09,0.9553191658007832
PCPC_20201210,PCPC,Periphas Capital Partnering Corporation,2020-12-10,,25.0,True,True,False,False,False,missing_positive_proceeds;incomplete_prices;incomplete_volume,Yahoo/pilot,data/raw/yahoo/PCPC.parquet,False,1.0,,2021-03-09,
AI_20201209,AI,"C3.ai, Inc.",2020-12-09,651000000.0,42.0,True,True,True,True,True,,Yahoo/pilot,data/raw/yahoo/AI.parquet,True,1.0,0.7894308891859196,2021-03-08,0.7894308891859196
DASH_20201209,DASH,"DoorDash, Inc.",2020-12-09,3366000000.0,102.0,True,True,True,True,True,,Yahoo/pilot,data/raw/yahoo/DASH.parquet,True,1.0,0.6194689513083036,2021-03-08,0.6194689513083036
PUBM_20201209,PUBM,"PubMatic, Inc.",2020-12-09,118000000.0,20.0,True,True,True,True,True,,Yahoo/pilot,data/raw/yahoo/PUBM.parquet,True,1.0,0.3869616624498676,2021-03-08,0.3869616624498676
SBTX_20201204,SBTX,"Silverback Therapeutics, Inc.",2020-12-04,241500000.0,21.0,True,True,True,True,True,,Yahoo/chart retry,data/raw/check2/recovered_SBTX_20201204_SPRY.parquet,True,1.0,0.1743533871447777,2021-03-03,0.1743533871447777
SEER_20201204,SEER,"Seer, Inc.",2020-12-04,175000013.0,19.0,True,True,True,True,True,,Yahoo/pilot,data/raw/yahoo/SEER.parquet,True,1.0,1.089093427443399,2021-03-03,1.089093427443399
SGTX_20201204,SGTX,"Sigilon Therapeutics, Inc.",2020-12-04,126000000.0,18.0,True,True,False,False,False,missing_split_unit_validation;incomplete_prices;incomplete_volume,Yahoo/pilot,data/raw/yahoo/SGTX.parquet,False,1.0,,2021-03-03,
DCBO_20201203,DCBO,Docebo Inc.,2020-12-03,,52.21,True,True,True,True,False,missing_positive_proceeds,Yahoo/pilot,data/raw/yahoo/DCBO.parquet,False,1.0,,2021-03-02,-0.0432510419943149
KNTE_20201203,KNTE,"Kinnate Biopharma, Inc.",2020-12-03,240000000.0,20.0,True,True,False,False,False,missing_split_unit_validation;incomplete_prices;incomplete_volume,Yahoo/pilot,data/raw/yahoo/KNTE.parquet,False,1.0,,2021-03-02,
HFEN_20201124,HFEN,"HF Enterprises, Inc.",2020-11-24,15120000.0,7.0,True,True,False,False,False,missing_split_unit_validation;incomplete_prices;incomplete_volume,Yahoo/pilot,data/raw/yahoo/HFEN.parquet,False,1.0,,2021-02-22,
OZON_20201124,OZON,Ozon Holdings PLC,2020-11-24,990000000.0,30.0,True,True,False,False,False,missing_split_unit_validation;incomplete_prices;incomplete_volume,Yahoo/pilot,data/raw/yahoo/OZON.parquet,False,1.0,,2021-02-22,
VMAR_20201124,VMAR,Vision Marine Technologies Inc.,2020-11-24,24000000.0,10.0,True,True,True,True,True,,Yahoo/pilot,data/raw/yahoo/VMAR.parquet,True,1.851851851851852e-07,0.3674170404706346,2021-02-22,0.3674170404706346
MRVI_20201120,MRVI,"Maravai LifeSciences Holdings, Inc.",2020-11-20,1620000000.0,27.0,True,True,True,True,True,,Yahoo/pilot,data/raw/yahoo/MRVI.parquet,True,1.0,0.1003479866138373,2021-02-18,0.1003479866138373
SHC_20201120,SHC,Sotera Health Company,2020-11-20,1071800000.0,23.0,True,True,True,True,True,,Yahoo/pilot,data/raw/yahoo/SHC.parquet,True,1.0,0.0873736454065855,2021-02-18,0.0873736454065855
NGMS_20201119,NGMS,NeoGames S.A.,2020-11-19,81727874.0,17.0,True,True,False,False,False,missing_split_unit_validation;incomplete_prices;incomplete_volume,Yahoo/pilot,data/raw/yahoo/NGMS.parquet,False,1.0,,2021-02-17,
OLMA_20201119,OLMA,"Olema Pharmaceuticals, Inc.",2020-11-19,209000000.0,19.0,True,True,True,True,True,,Yahoo/pilot,data/raw/yahoo/OLMA.parquet,True,1.0,0.9473813189441862,2021-02-17,0.9473813189441862
TLS_20201119,TLS,Telos Corporation,2020-11-19,254470603.0,17.0,True,True,True,True,True,,Yahoo/pilot,data/raw/yahoo/TLS.parquet,True,1.0,0.176914854903603,2021-02-17,0.176914854903603
PHIC_20201118,PHIC,"Population Health Investment Co., Inc.",2020-11-18,,10.0,True,True,False,False,False,missing_positive_proceeds;incomplete_prices;incomplete_volume,Yahoo/pilot,data/raw/yahoo/PHIC.parquet,False,1.0,,2021-02-16,
AVIR_20201030,AVIR,"Atea Pharmaceuticals, Inc.",2020-10-30,300000000.0,24.0,True,True,True,True,True,,Yahoo/pilot,data/raw/yahoo/AVIR.parquet,True,1.0,0.2344131486017051,2021-01-27,0.2344131486017051
BNKK_20201030,BNKK,"Bonk, Inc.",2020-10-30,,,True,True,True,True,False,missing_positive_proceeds;missing_positive_offer_price,Yahoo/pilot,data/raw/yahoo/BNKK.parquet,False,1.0,,2021-01-27,
CNXX_20201030,CNXX,CONX Corp.,2020-10-30,,10.0,True,True,False,False,False,missing_positive_proceeds;incomplete_prices;incomplete_volume,Yahoo/pilot,data/raw/yahoo/CNXX.parquet,False,1.0,,2021-01-27,
LU_20201030,LU,Lufax Holding Ltd,2020-10-30,2362500000.0,13.5,True,True,True,True,True,,Yahoo/pilot,data/raw/yahoo/LU.parquet,True,0.25,-0.0493458444167953,2021-01-27,-0.0493458444167953
SQZB_20201030,SQZB,SQZ Biotechnologies Company,2020-10-30,,16.0,True,True,True,True,False,missing_positive_proceeds,Yahoo/pilot,data/raw/yahoo/SQZB.parquet,False,1.0,,2021-01-27,-0.18859116980755
ALGM_20201029,ALGM,"Allegro MicroSystems, Inc.",2020-10-29,350000000.0,14.0,True,True,True,True,True,,Yahoo/pilot,data/raw/yahoo/ALGM.parquet,True,1.0,0.2345073530684478,2021-01-26,0.2345073530684478
DMRA_20201029,DMRA,"Damora Therapeutics, Inc.",2020-10-29,,,True,True,True,True,False,missing_positive_proceeds;missing_positive_offer_price,Yahoo/pilot,data/raw/yahoo/DMRA.parquet,False,1.0,,2021-01-26,
LESL_20201029,LESL,"Leslie's, Inc.",2020-10-29,680000000.0,17.0,True,True,True,True,True,,Yahoo/pilot,data/raw/yahoo/LESL.parquet,True,0.05,0.2440989164901978,2021-01-26,0.2440989164901978
ABST_20201028,ABST,Absolute Software Corporation,2020-10-28,,11.0,True,True,False,False,False,missing_positive_proceeds;incomplete_prices;incomplete_volume,Yahoo/pilot,data/raw/yahoo/ABST.parquet,False,1.0,,2021-01-25,
ACIC_20201028,ACIC,Atlas Crest Investment Corp.,2020-10-28,,10.0,True,True,True,True,False,missing_positive_proceeds,Yahoo/pilot,data/raw/yahoo/ACIC.parquet,False,1.0,,2021-01-25,-0.789658089343206
BDSX_20201028,BDSX,"Biodesix, Inc.",2020-10-28,72000000.0,18.0,True,True,True,True,True,,Yahoo/pilot,data/raw/yahoo/BDSX.parquet,True,0.05,-0.3401455943410308,2021-01-25,-0.3401455943410308
GATO_20201028,GATO,"Gatos Silver, Inc.",2020-10-28,150010000.0,7.0,True,True,False,False,False,missing_split_unit_validation;incomplete_prices;incomplete_volume,Yahoo/pilot,data/raw/yahoo/GATO.parquet,False,1.0,,2021-01-25,
MAX_20201028,MAX,"MediaAlpha, Inc.",2020-10-28,175750000.0,19.0,True,True,True,True,True,,Yahoo/pilot,data/raw/yahoo/MAX.parquet,True,1.0,0.5169123444727614,2021-01-25,0.5169123444727614
ROOT_20201028,ROOT,"Root, Inc.",2020-10-28,724432815.0,27.0,True,True,True,True,True,,Yahoo/pilot,data/raw/yahoo/ROOT.parquet,True,0.0555555555555555,0.0,2021-01-25,0.0
FHTX_20201023,FHTX,Foghorn Therapeutics Inc.,2020-10-23,120000000.0,16.0,True,True,True,True,True,,Yahoo/pilot,data/raw/yahoo/FHTX.parquet,True,1.0,0.1244276246903599,2021-01-20,0.1244276246903599
ABCM_20201022,ABCM,Abcam PLC,2020-10-22,156541315.0,17.5,True,True,False,False,False,missing_split_unit_validation;incomplete_prices;incomplete_volume,Yahoo/pilot,data/raw/yahoo/ABCM.parquet,False,1.0,,2021-01-19,
GHLD_20201022,GHLD,Guild Holdings Company,2020-10-22,97500000.0,15.0,True,True,False,False,False,missing_split_unit_validation;incomplete_prices;incomplete_volume,Yahoo/pilot,data/raw/yahoo/GHLD.parquet,False,1.0,,2021-01-19,
MCFE_20201022,MCFE,McAfee Corp.,2020-10-22,740000000.0,20.0,True,True,False,False,False,missing_split_unit_validation;incomplete_prices;incomplete_volume,Yahoo/pilot,data/raw/yahoo/MCFE.parquet,False,1.0,,2021-01-19,
MSP_20201021,MSP,Datto Holding Corp.,2020-10-21,594000000.0,27.0,True,True,False,False,False,missing_split_unit_validation;incomplete_prices;incomplete_volume,Yahoo/pilot,data/raw/yahoo/MSP.parquet,False,1.0,,2021-01-15,
YGMZ_20201021,YGMZ,MingZhu Logistics Holdings Limited,2020-10-21,12000000.0,4.0,True,True,False,False,False,missing_split_unit_validation;incomplete_prices;incomplete_volume,Yahoo/pilot,data/raw/yahoo/YGMZ.parquet,False,1.0,,2021-01-15,
ALGS_20201016,ALGS,"Aligos Therapeutics, Inc.",2020-10-16,150000000.0,15.0,True,True,True,True,True,,Yahoo/pilot,data/raw/yahoo/ALGS.parquet,True,0.04,-0.0100503358535014,2021-01-12,-0.0100503358535014
EAR_20201016,EAR,"Eargo, Inc.",2020-10-16,141333336.0,18.0,True,True,False,False,False,missing_split_unit_validation;incomplete_prices;incomplete_volume,Yahoo/pilot,data/raw/yahoo/EAR.parquet,False,1.0,,2021-01-12,
KRBP_20201016,KRBP,"Kiromic BioPharma, Inc.",2020-10-16,15000000.0,12.0,True,True,False,False,False,missing_split_unit_validation;incomplete_prices;incomplete_volume,Yahoo/pilot,data/raw/yahoo/KRBP.parquet,False,1.0,,2021-01-12,
OPT_20201016,OPT,Opthea Limited,2020-10-16,115604550.0,13.5,True,True,False,False,False,missing_split_unit_validation;incomplete_prices;incomplete_volume,Yahoo/pilot,data/raw/yahoo/OPT.parquet,False,1.0,,2021-01-12,
PRAX_20201016,PRAX,"Praxis Precision Medicines, Inc.",2020-10-16,190000000.0,19.0,True,True,True,True,True,,Yahoo/pilot,data/raw/yahoo/PRAX.parquet,True,0.0666666666666666,0.380597041530151,2021-01-12,0.380597041530151
TARS_20201016,TARS,"Tarsus Pharmaceuticals, Inc.",2020-10-16,88000000.0,16.0,True,True,True,True,True,,Yahoo/pilot,data/raw/yahoo/TARS.parquet,True,1.0,0.2517310044589335,2021-01-12,0.2517310044589335
ARRY_20201015,ARRY,"Array Technologies, Inc.",2020-10-15,1045000000.0,22.0,True,True,True,True,True,,Yahoo/pilot,data/raw/yahoo/ARRY.parquet,True,1.0,0.5048990260274746,2021-01-11,0.5048990260274746
EBC_20201015,EBC,"Eastern Bankshares, Inc.",2020-10-15,1793000000.0,10.0,True,True,True,True,True,,Yahoo/pilot,data/raw/yahoo/EBC.parquet,True,1.0,0.194744045395826,2021-01-11,0.194744045395826
MNSO_20201015,MNSO,MINISO Group Holding Limited,2020-10-15,608000000.0,20.0,True,True,True,True,True,,Yahoo/pilot,data/raw/yahoo/MNSO.parquet,True,1.0,0.0430594492672757,2021-01-11,0.0430594492672757
CDAKQ_20201014,CDAKQ,"Codiak BioSciences, Inc.",2020-10-14,,15.0,True,True,False,False,False,missing_positive_proceeds;incomplete_prices;incomplete_volume,Yahoo/pilot,data/raw/yahoo/CDAKQ.parquet,False,1.0,,2021-01-08,
IH_20201009,IH,iHuman Inc.,2020-10-09,84000000.0,12.0,True,True,True,True,True,,Yahoo/pilot,data/raw/yahoo/IH.parquet,True,1.0,0.2876820724517808,2021-01-05,0.2876820724517808
INTZ_20201009,INTZ,Intrusion Inc.,2020-10-09,,8.0,True,True,True,True,False,missing_positive_proceeds,Yahoo/pilot,data/raw/yahoo/INTZ.parquet,False,1.0,,2021-01-05,3.1256634263965277
KRON_20201009,KRON,"Kronos Bio, Inc.",2020-10-09,250000005.0,19.0,True,True,False,False,False,missing_split_unit_validation;incomplete_prices;incomplete_volume,Yahoo/pilot,data/raw/yahoo/KRON.parquet,False,1.0,,2021-01-05,
SPRB_20201009,SPRB,"Spruce Biosciences, Inc.",2020-10-09,90000000.0,15.0,True,True,True,True,True,,Yahoo/pilot,data/raw/yahoo/SPRB.parquet,True,0.0001777777777777,0.1251631429540061,2021-01-05,0.1251631429540061
STTK_20201009,STTK,"Shattuck Labs, Inc.",2020-10-09,201999984.0,17.0,True,True,True,True,True,,Yahoo/pilot,data/raw/yahoo/STTK.parquet,True,1.0,0.1294790951337722,2021-01-05,0.1294790951337722
ELUT_20201008,ELUT,Elutia Inc.,2020-10-08,,17.0,True,True,True,True,False,missing_positive_proceeds,Yahoo/pilot,data/raw/yahoo/ELUT.parquet,False,1.0,,2021-01-04,-0.1590646946296874
FUBO_20201008,FUBO,FuboTV Inc.,2020-10-08,183000000.0,10.0,True,True,True,True,True,,Yahoo/pilot,data/raw/yahoo/FUBO.parquet,True,0.0833333333333333,0.0256677690567486,2021-01-04,0.0256677690567486
EMPW_20201007,EMPW,Empower Ltd.,2020-10-07,,10.0,True,True,False,False,False,missing_positive_proceeds;incomplete_prices;incomplete_volume,Yahoo/pilot,data/raw/yahoo/EMPW.parquet,False,1.0,,2020-12-31,
PACE_20201007,PACE,TPG Pace Tech Opportunities Corp.,2020-10-07,,10.0,True,True,False,False,False,missing_positive_proceeds;incomplete_prices;incomplete_volume,Yahoo/pilot,data/raw/yahoo/PACE.parquet,False,1.0,,2020-12-31,
SQFT_20201007,SQFT,"Presidio Property Trust, Inc.",2020-10-07,2500000.0,5.0,True,True,True,True,True,,Yahoo/pilot,data/raw/yahoo/SQFT.parquet,True,0.1,-0.0833816089390508,2020-12-31,-0.0833816089390508
TPGY_20201007,TPGY,TPG Pace Beneficial Finance Corp.,2020-10-07,,10.0,True,True,False,False,False,missing_positive_proceeds;incomplete_prices;incomplete_volume,Yahoo/pilot,data/raw/yahoo/TPGY.parquet,False,1.0,,2020-12-31,
ASO_20201002,ASO,"Academy Sports and Outdoors, Inc.",2020-10-02,203125000.0,13.0,True,True,True,True,True,,Yahoo/pilot,data/raw/yahoo/ASO.parquet,True,1.0,-0.0007695443988775,2020-12-28,-0.0007695443988775
CCCC_20201002,CCCC,"C4 Therapeutics, Inc.",2020-10-02,182400000.0,19.0,True,True,True,True,True,,Yahoo/pilot,data/raw/yahoo/CCCC.parquet,True,1.0,0.293847230242304,2020-12-28,0.293847230242304
IMNM_20201002,IMNM,"Immunome, Inc.",2020-10-02,39000000.0,12.0,True,True,True,True,True,,Yahoo/pilot,data/raw/yahoo/IMNM.parquet,True,1.0,0.114072442078817,2020-12-28,0.114072442078817
ONCR_20201002,ONCR,"Oncorus, Inc.",2020-10-02,87000000.0,15.0,True,True,False,False,False,missing_split_unit_validation;incomplete_prices;incomplete_volume,Yahoo/pilot,data/raw/yahoo/ONCR.parquet,False,1.0,,2020-12-28,
AVO_20201001,AVO,"Mission Produce, Inc.",2020-10-01,96000000.0,12.0,True,True,True,True,False,missing_split_unit_validation;unverified_nasdaq_adjustment,Nasdaq/historical,data/raw/check2/recovered_nasdaq_AVO_20201001.parquet,False,1.0,,2020-12-24,0.1397619423751588
IMPX_20201001,IMPX,AEA-Bridges Impact Corp.,2020-10-01,,10.0,True,True,False,False,False,missing_positive_proceeds;incomplete_prices;incomplete_volume,Yahoo/pilot,data/raw/yahoo/IMPX.parquet,False,1.0,,2020-12-24,
LUNG_20201001,LUNG,Pulmonx Corporation,2020-10-01,190000000.0,19.0,True,True,True,True,True,,Yahoo/pilot,data/raw/yahoo/LUNG.parquet,True,1.0,0.7270399952022304,2020-12-24,0.7270399952022304
LXEH_20201001,LXEH,"Lixiang Education Holding Co., Ltd.",2020-10-01,30833950.0,9.25,True,True,True,True,True,,Yahoo/pilot,data/raw/yahoo/LXEH.parquet,True,0.005,-0.2097205309820689,2020-12-24,-0.2097205309820689
ASAN_20200930,ASAN,"Asana, Inc.",2020-09-30,630640836.0,21.0,False,True,True,True,False,direct_listing_no_comparable_proceeds,Yahoo/pilot,data/raw/yahoo/ASAN.parquet,False,1.0,,2020-12-23,0.3158529229275236
CD_20200930,CD,Chindata Group Holdings Limited,2020-09-30,540000000.0,13.5,True,True,True,True,True,,Yahoo/pilot,data/raw/yahoo/CD.parquet,True,0.9,-1.8233649420703064,2020-12-23,-1.8233649420703064
PLTR_20200930,PLTR,Palantir Technologies Inc.,2020-09-30,1864231759.0,7.25,False,True,True,True,False,direct_listing_no_comparable_proceeds,Yahoo/pilot,data/raw/yahoo/PLTR.parquet,False,1.0,,2020-12-23,0.2702903297399117
YALA_20200930,YALA,Yalla Group Limited,2020-09-30,139500000.0,7.5,True,True,True,True,True,,Yahoo/pilot,data/raw/yahoo/YALA.parquet,True,1.0,-0.0689928714869514,2020-12-23,-0.0689928714869514
ORPHY_20200929,ORPHY,Orphazyme A/S,2020-09-29,,11.0,True,True,False,False,False,missing_positive_proceeds;incomplete_prices;incomplete_volume,Yahoo/pilot,data/raw/yahoo/ORPHY.parquet,False,1.0,,2020-12-22,
AMST_20200925,AMST,Amesite Inc.,2020-09-25,15000000.0,5.0,True,True,True,True,True,,Yahoo/pilot,data/raw/yahoo/AMST.parquet,True,0.0833333333333333,0.0430594797166479,2020-12-18,0.0430594797166479
GLSI_20200925,GLSI,"Greenwich LifeSciences, Inc.",2020-09-25,7250003.0,5.75,True,True,True,True,True,,Yahoo/pilot,data/raw/yahoo/GLSI.parquet,True,1.0,-0.1397619423751587,2020-12-18,-0.1397619423751587
GRAY_20200925,GRAY,"Graybug Vision, Inc.",2020-09-25,90000000.0,16.0,True,True,False,False,False,missing_split_unit_validation;incomplete_prices;incomplete_volume,Yahoo/pilot,data/raw/yahoo/GRAY.parquet,False,1.0,,2020-12-18,
PMVP_20200925,PMVP,"PMV Pharmaceuticals, Inc.",2020-09-25,211770000.0,18.0,True,True,True,True,True,,Yahoo/pilot,data/raw/yahoo/PMVP.parquet,True,1.0,0.7342357614504483,2020-12-18,0.7342357614504483
PRLD_20200925,PRLD,Prelude Therapeutics Incorporated,2020-09-25,158175000.0,19.0,True,True,True,True,True,,Yahoo/pilot,data/raw/yahoo/PRLD.parquet,True,1.0,0.3213204607204367,2020-12-18,0.3213204607204367
SYTA_20200925,SYTA,"Siyata Mobile, Inc.",2020-09-25,12600000.0,6.0,True,True,True,True,True,,Yahoo/chart retry,data/raw/check2/recovered_SYTA_20200925_CHAI.parquet,True,1.984126984126984e-06,-0.289906767473892,2020-12-18,-0.289906767473892
VIAOY_20200925,VIAOY,VIA optronics AG,2020-09-25,,15.0,True,True,True,True,False,missing_positive_proceeds,Yahoo/pilot,data/raw/yahoo/VIAOY.parquet,False,1.0,,2020-12-18,-0.3876251600018592
TSHA_20200924,TSHA,"Taysha Gene Therapies, Inc.",2020-09-24,157391320.0,20.0,True,True,True,True,True,,Yahoo/pilot,data/raw/yahoo/TSHA.parquet,True,1.0,0.184818414795633,2020-12-17,0.184818414795633
ACTC_20200923,ACTC,ArcLight Clean Transition Corp.,2020-09-23,,10.0,True,True,False,False,False,missing_positive_proceeds;incomplete_prices;incomplete_volume,Yahoo/pilot,data/raw/yahoo/ACTC.parquet,False,1.0,,2020-12-16,
ASPL_20200923,ASPL,Aspirational Consumer Lifestyle Corp.,2020-09-23,,10.0,True,True,True,True,False,missing_positive_proceeds,Yahoo/pilot,data/raw/yahoo/ASPL.parquet,False,1.0,,2020-12-16,-3.381394743847509
BSY_20200923,BSY,"Bentley Systems, Incorporated",2020-09-23,236500000.0,22.0,True,True,True,True,True,,Yahoo/pilot,data/raw/yahoo/BSY.parquet,True,1.0,0.4202044835662433,2020-12-16,0.4202044835662433
CRSR_20200923,CRSR,"Corsair Gaming, Inc.",2020-09-23,238000000.0,17.0,True,True,True,True,True,,Yahoo/pilot,data/raw/yahoo/CRSR.parquet,True,1.0,-0.1764564373415565,2020-12-16,-0.1764564373415565
GDRX_20200923,GDRX,"GoodRx Holdings, Inc.",2020-09-23,1142307672.0,33.0,True,True,True,True,True,,Yahoo/pilot,data/raw/yahoo/GDRX.parquet,True,1.0,0.4254657748148339,2020-12-16,0.4254657748148339
LSF_20200923,LSF,"Laird Superfood, Inc.",2020-09-23,58300000.0,22.0,True,True,True,True,True,,Yahoo/pilot,data/raw/yahoo/LSF.parquet,True,1.0,0.6176396093523036,2020-12-16,0.6176396093523036
CMPS_20200918,CMPS,COMPASS Pathways plc,2020-09-18,127500000.0,17.0,True,True,True,True,True,,Yahoo/pilot,data/raw/yahoo/CMPS.parquet,True,1.0,0.5340824859302579,2020-12-11,0.5340824859302579
LONA_20200918,LONA,"LeonaBio, Inc.",2020-09-18,,,True,True,True,True,False,missing_positive_proceeds;missing_positive_offer_price,Yahoo/pilot,data/raw/yahoo/LONA.parquet,False,1.0,,2020-12-11,
NMMC_20200918,NMMC,North Mountain Merger Corp.,2020-09-18,,10.0,True,True,False,False,False,missing_positive_proceeds;incomplete_prices;incomplete_volume,Yahoo/pilot,data/raw/yahoo/NMMC.parquet,False,1.0,,2020-12-11,
U_20200918,U,Unity Software Inc.,2020-09-18,1300000000.0,52.0,True,True,True,True,True,,Yahoo/pilot,data/raw/yahoo/U.parquet,True,1.0,0.2733978222640407,2020-12-11,0.2733978222640407
VTRU_20200918,VTRU,Vitru Limited,2020-09-18,96000000.0,16.0,True,True,False,False,False,missing_split_unit_validation;incomplete_prices;incomplete_volume,Yahoo/pilot,data/raw/yahoo/VTRU.parquet,False,1.0,,2020-12-11,
AMWL_20200917,AMWL,American Well Corporation,2020-09-17,741999996.0,18.0,True,True,True,True,True,,Yahoo/pilot,data/raw/yahoo/AMWL.parquet,True,0.05,0.2481613010612452,2020-12-10,0.2481613010612452
BNL_20200917,BNL,"Broadstone Net Lease, Inc.",2020-09-17,569500000.0,17.0,True,True,True,True,True,,Yahoo/pilot,data/raw/yahoo/BNL.parquet,True,1.0,-0.0420482830496019,2020-12-10,-0.0420482830496019
DYN_20200917,DYN,"Dyne Therapeutics, Inc.",2020-09-17,232779982.0,19.0,True,True,True,True,True,,Yahoo/pilot,data/raw/yahoo/DYN.parquet,True,1.0,0.2294394638099479,2020-12-10,0.2294394638099479
PTVE_20200917,PTVE,"Pactiv Evergreen, Inc.",2020-09-17,574364000.0,14.0,True,True,False,False,False,missing_split_unit_validation;incomplete_prices;incomplete_volume,Yahoo/pilot,data/raw/yahoo/PTVE.parquet,False,1.0,,2020-12-10,
SUMO_20200917,SUMO,"Sumo Logic, Inc.",2020-09-17,325600000.0,22.0,True,True,False,False,False,missing_split_unit_validation;incomplete_prices;incomplete_volume,Yahoo/pilot,data/raw/yahoo/SUMO.parquet,False,1.0,,2020-12-10,
ENPC_20200916,ENPC,Executive Network Partnering Corporation,2020-09-16,,25.0,True,True,False,False,False,missing_positive_proceeds;incomplete_prices;incomplete_volume,Yahoo/pilot,data/raw/yahoo/ENPC.parquet,False,1.0,,2020-12-09,
FROG_20200916,FROG,JFrog Ltd.,2020-09-16,509001592.0,44.0,True,True,True,True,True,,Yahoo/pilot,data/raw/yahoo/FROG.parquet,True,1.0,0.3869616506742937,2020-12-09,0.3869616506742937
MTCR_20200916,MTCR,"Metacrine, Inc.",2020-09-16,85020000.0,13.0,True,True,False,False,False,missing_split_unit_validation;incomplete_prices;incomplete_volume,Yahoo/pilot,data/raw/yahoo/MTCR.parquet,False,1.0,,2020-12-09,
SNOW_20200916,SNOW,Snowflake Inc.,2020-09-16,3360000000.0,120.0,True,True,True,True,True,,Yahoo/pilot,data/raw/yahoo/SNOW.parquet,True,1.0,0.7495668668597988,2020-12-09,0.7495668668597988
STEP_20200916,STEP,StepStone Group Inc.,2020-09-16,315000000.0,18.0,True,True,True,True,True,,Yahoo/pilot,data/raw/yahoo/STEP.parquet,True,1.0,0.328504066972036,2020-12-09,0.328504066972036
OM_20200915,OM,"Outset Medical, Inc.",2020-09-15,241679997.0,27.0,True,True,True,True,True,,Yahoo/pilot,data/raw/yahoo/OM.parquet,True,0.0666666666666666,0.8097773018873747,2020-12-08,0.8097773018873747
LEAP_20200911,LEAP,"Ribbit LEAP, Ltd.",2020-09-11,,10.0,True,True,False,False,False,missing_positive_proceeds;incomplete_prices;incomplete_volume,Yahoo/pilot,data/raw/yahoo/LEAP.parquet,False,1.0,,2020-12-04,
LSPD_20200911,LSPD,Lightspeed Commerce Inc.,2020-09-11,,30.5,True,True,True,True,False,missing_positive_proceeds,Yahoo/pilot,data/raw/yahoo/LSPD.parquet,False,1.0,,2020-12-04,-0.0082304991365154
HEC_20200906,HEC,Hudson Executive Investment Corp.,2020-09-06,,10.0,True,True,False,False,False,missing_positive_proceeds;incomplete_prices;incomplete_volume,Yahoo/pilot,data/raw/yahoo/HEC.parquet,False,1.0,,2020-12-01,
CMLF_20200902,CMLF,"CM Life Sciences, Inc.",2020-09-02,,10.0,True,True,False,False,False,missing_positive_proceeds;incomplete_prices;incomplete_volume,Yahoo/pilot,data/raw/yahoo/CMLF.parquet,False,1.0,,2020-11-25,
PRFX_20200901,PRFX,PRF Technologies Ltd.,2020-09-01,20000000.0,8.0,True,True,True,True,True,,Yahoo/pilot,data/raw/yahoo/PRFX.parquet,True,0.0033333333333333,-0.1713816167556202,2020-11-24,-0.1713816167556202
AUVIQ_20200831,AUVIQ,"Applied UV, Inc.",2020-08-31,,5.0,True,True,False,False,False,missing_positive_proceeds;incomplete_prices;incomplete_volume,Yahoo/pilot,data/raw/yahoo/AUVIQ.parquet,False,1.0,,2020-11-23,
GP_20200828,GP,GreenPower Motor Company Inc.,2020-08-28,37200000.0,20.0,True,True,True,True,True,,Yahoo/pilot,data/raw/yahoo/GP.parquet,True,0.1,0.048790164169432,2020-11-20,0.048790164169432
HCDIQ_20200828,HCDIQ,"Harbor Custom Development, Inc.",2020-08-28,,6.0,True,True,False,False,False,missing_positive_proceeds;incomplete_prices;incomplete_volume,Yahoo/pilot,data/raw/yahoo/HCDIQ.parquet,False,1.0,,2020-11-20,
XPEV_20200827,XPEV,XPeng Inc.,2020-08-27,1496000010.0,15.0,True,True,True,True,True,,Yahoo/pilot,data/raw/yahoo/XPEV.parquet,True,1.0,0.3468938997252141,2020-11-19,0.3468938997252141
KYMR_20200821,KYMR,"Kymera Therapeutics, Inc.",2020-08-21,173696000.0,20.0,True,True,True,True,True,,Yahoo/pilot,data/raw/yahoo/KYMR.parquet,True,1.0,0.5086231497457624,2020-11-13,0.5086231497457624
NNOX_20200821,NNOX,Nano-X Imaging Ltd.,2020-08-21,165217392.0,18.0,True,True,True,True,True,,Yahoo/pilot,data/raw/yahoo/NNOX.parquet,True,1.0,0.1869405378087487,2020-11-13,0.1869405378087487
HRMY_20200819,HRMY,"Harmony Biosciences Holdings, Inc.",2020-08-19,128372088.0,24.0,True,True,True,True,True,,Yahoo/pilot,data/raw/yahoo/HRMY.parquet,True,1.0,0.4331342706984077,2020-11-11,0.4331342706984077
INBX_20200819,INBX,"Inhibrx Biosciences, Inc.",2020-08-19,119000000.0,17.0,True,True,False,False,False,missing_split_unit_validation;incomplete_prices;incomplete_volume,Yahoo/pilot,data/raw/yahoo/INBX.parquet,False,1.0,,2020-11-11,
AONE_20200818,AONE,One,2020-08-18,,10.0,True,True,False,False,False,missing_positive_proceeds;incomplete_prices;incomplete_volume,Yahoo/pilot,data/raw/yahoo/AONE.parquet,False,1.0,,2020-11-10,
FIII_20200818,FIII,Forum Merger III Corporation,2020-08-18,,10.0,True,True,False,False,False,missing_positive_proceeds;incomplete_prices;incomplete_volume,Yahoo/pilot,data/raw/yahoo/FIII.parquet,False,1.0,,2020-11-10,
STPK_20200818,STPK,Star Peak Energy Transition Corp.,2020-08-18,,10.0,True,True,False,False,False,missing_positive_proceeds;incomplete_prices;incomplete_volume,Yahoo/pilot,data/raw/yahoo/STPK.parquet,False,1.0,,2020-11-10,
CVAC_20200814,CVAC,CureVac N.V.,2020-08-14,213333328.0,16.0,True,True,False,False,False,missing_split_unit_validation;incomplete_prices;incomplete_volume,Yahoo/pilot,data/raw/yahoo/CVAC.parquet,False,1.0,,2020-11-06,
DCT_20200814,DCT,Delta Charter Township Michigan,2020-08-14,405000000.0,27.0,True,True,False,False,False,missing_split_unit_validation;incomplete_prices;incomplete_volume,Yahoo/pilot,data/raw/yahoo/DCT.parquet,False,1.0,,2020-11-06,
BEKE_20200813,BEKE,KE Holdings Inc.,2020-08-13,2120000000.0,20.0,True,True,True,True,True,,Yahoo/pilot,data/raw/yahoo/BEKE.parquet,True,1.0,0.6270073413756182,2020-11-05,0.6270073413756182
NTST_20200813,NTST,NETSTREIT Corp.,2020-08-13,225000000.0,18.0,True,True,True,True,True,,Yahoo/pilot,data/raw/yahoo/NTST.parquet,True,1.0,-0.0139862419747398,2020-11-05,-0.0139862419747398
FSDC_20200812,FSDC,FS Development Corp.,2020-08-12,105000000.0,10.0,False,True,False,False,False,blank_check_company;incomplete_prices;incomplete_volume,Yahoo/pilot,data/raw/yahoo/FSDC.parquet,False,1.0,,2020-11-04,
KBNT_20200812,KBNT,"Kubient, Inc.",2020-08-12,12500000.0,5.0,True,True,True,True,True,,Yahoo/pilot,data/raw/yahoo/KBNT.parquet,True,1.0,-0.1863295552113897,2020-11-04,-0.1863295552113897
CMPI_20200807,CMPI,"Checkmate Pharmaceuticals, Inc.",2020-08-07,75000000.0,15.0,True,True,False,False,False,missing_split_unit_validation;incomplete_prices;incomplete_volume,Yahoo/pilot,data/raw/yahoo/CMPI.parquet,False,1.0,,2020-10-30,
FRLN_20200807,FRLN,Freeline Therapeutics Holdings PLC,2020-08-07,158823522.0,18.0,True,True,False,False,False,missing_split_unit_validation;incomplete_prices;incomplete_volume,Yahoo/pilot,data/raw/yahoo/FRLN.parquet,False,1.0,,2020-10-30,
IBEX_20200807,IBEX,IBEX Limited,2020-08-07,90476195.0,19.0,True,True,True,True,True,,Yahoo/pilot,data/raw/yahoo/IBEX.parquet,True,1.0,-0.2100714945176187,2020-10-30,-0.2100714945176187
AFIB_20200806,AFIB,"Acutus Medical, Inc.",2020-08-06,158823522.0,18.0,True,True,True,True,True,,Yahoo/pilot,data/raw/yahoo/AFIB.parquet,True,1.0,0.3867729750960119,2020-10-29,0.3867729750960119
OSH_20200806,OSH,"Oak Street Health, Inc.",2020-08-06,328125000.0,21.0,True,True,False,False,False,missing_split_unit_validation;incomplete_prices;incomplete_volume,Yahoo/pilot,data/raw/yahoo/OSH.parquet,False,1.0,,2020-10-29,
RKT_20200806,RKT,"Rocket Companies, Inc.",2020-08-06,1800000000.0,18.0,True,True,True,True,True,,Yahoo/pilot,data/raw/yahoo/RKT.parquet,True,1.0,0.1781461960241915,2020-10-29,0.1781461960241915
CMRC_20200805,CMRC,"Commerce.com, Inc.",2020-08-05,,,True,True,True,True,False,missing_positive_proceeds;missing_positive_offer_price,Yahoo/pilot,data/raw/yahoo/CMRC.parquet,False,1.0,,2020-10-28,
HOL_20200805,HOL,"Holicity, Inc.",2020-08-05,,10.0,True,True,False,False,False,missing_positive_proceeds;incomplete_prices;incomplete_volume,Yahoo/pilot,data/raw/yahoo/HOL.parquet,False,1.0,,2020-10-28,
RXT_20200805,RXT,"Rackspace Technology, Inc.",2020-08-05,703500000.0,21.0,True,True,True,True,True,,Yahoo/pilot,data/raw/yahoo/RXT.parquet,True,1.0,-0.2478510822069508,2020-10-28,-0.2478510822069508
NHIC_20200731,NHIC,NewHold Investment Corp.,2020-07-31,,10.0,True,True,False,False,False,missing_positive_proceeds;incomplete_prices;incomplete_volume,Yahoo/pilot,data/raw/yahoo/NHIC.parquet,False,1.0,,2020-10-23,
POLCQ_20200731,POLCQ,Polished.com Inc.,2020-07-31,,,True,True,True,True,False,missing_positive_proceeds;missing_positive_offer_price,Yahoo/pilot,data/raw/yahoo/POLCQ.parquet,False,1.0,,2020-10-23,
VITL_20200731,VITL,"Vital Farms, Inc.",2020-07-31,204687494.0,22.0,True,True,True,True,True,,Yahoo/pilot,data/raw/yahoo/VITL.parquet,True,1.0,0.4717066760088321,2020-10-23,0.4717066760088321
VSTA_20200731,VSTA,Vasta Platform Limited,2020-07-31,352934348.0,19.0,True,True,False,False,False,missing_split_unit_validation;incomplete_prices;incomplete_volume,Yahoo/pilot,data/raw/yahoo/VSTA.parquet,False,1.0,,2020-10-23,
ALVR_20200730,ALVR,"AlloVir, Inc.",2020-07-30,276250000.0,17.0,True,True,False,False,False,missing_split_unit_validation;incomplete_prices;incomplete_volume,Yahoo/pilot,data/raw/yahoo/ALVR.parquet,False,1.0,,2020-10-22,
LI_20200730,LI,Li Auto Inc.,2020-07-30,1092500000.0,11.5,True,True,True,True,True,,Yahoo/pilot,data/raw/yahoo/LI.parquet,True,1.0,0.3585861042583725,2020-10-22,0.3585861042583725
VERX_20200729,VERX,"Vertex, Inc.",2020-07-29,401850000.0,19.0,True,True,True,True,True,,Yahoo/pilot,data/raw/yahoo/VERX.parquet,True,1.0,0.2306939355066947,2020-10-21,0.2306939355066947
ANNX_20200724,ANNX,"Annexon, Inc.",2020-07-24,250750000.0,17.0,True,True,True,True,True,,Yahoo/pilot,data/raw/yahoo/ANNX.parquet,True,1.0,0.0437354063952987,2020-10-16,0.0437354063952987
INZY_20200724,INZY,"Inozyme Pharma, Inc.",2020-07-24,112000000.0,16.0,True,True,False,False,False,missing_split_unit_validation;incomplete_prices;incomplete_volume,Yahoo/pilot,data/raw/yahoo/INZY.parquet,False,1.0,,2020-10-16,
ITOS_20200724,ITOS,"iTeos Therapeutics, Inc.",2020-07-24,201140004.0,19.0,True,True,False,False,False,missing_split_unit_validation;incomplete_prices;incomplete_volume,Yahoo/pilot,data/raw/yahoo/ITOS.parquet,False,1.0,,2020-10-16,
NRIX_20200724,NRIX,"Nurix Therapeutics, Inc.",2020-07-24,209000000.0,19.0,True,True,True,True,True,,Yahoo/pilot,data/raw/yahoo/NRIX.parquet,True,1.0,0.0005261893739727,2020-10-16,0.0005261893739727
EDTK_20200723,EDTK,Skillful Craftsman Education Technology Limited,2020-07-23,15000000.0,5.0,True,True,True,True,True,,Yahoo/pilot,data/raw/yahoo/EDTK.parquet,True,1.0,-0.0512932943875505,2020-10-15,-0.0512932943875505
ONT_20200723,ONT,"Onterris, Inc.",2020-07-23,,,True,True,True,True,False,missing_positive_proceeds;missing_positive_offer_price,Yahoo/pilot,data/raw/yahoo/ONT.parquet,False,1.0,,2020-10-15,
JAMF_20200722,JAMF,Jamf Holding Corporation,2020-07-22,468000000.0,26.0,True,True,False,False,False,missing_split_unit_validation;incomplete_prices;incomplete_volume,Yahoo/pilot,data/raw/yahoo/JAMF.parquet,False,1.0,,2020-10-14,
PSTH_20200722,PSTH,"Pershing Square Tontine Holdings, Ltd.",2020-07-22,,20.0,True,True,False,False,False,missing_positive_proceeds;incomplete_prices;incomplete_volume,Yahoo/pilot,data/raw/yahoo/PSTH.parquet,False,1.0,,2020-10-14,
ALXO_20200717,ALXO,ALX Oncology Holdings Inc.,2020-07-17,161500000.0,19.0,True,True,True,True,True,,Yahoo/pilot,data/raw/yahoo/ALXO.parquet,True,1.0,0.4567584024957149,2020-10-09,0.4567584024957149
CELL_20200717,CELL,PhenomeX Inc.,2020-07-17,,22.0,True,True,False,False,False,missing_positive_proceeds;incomplete_prices;incomplete_volume,Yahoo/pilot,data/raw/yahoo/CELL.parquet,False,1.0,,2020-10-09,
PAND_20200717,PAND,"Pandion Therapeutics, Inc.",2020-07-17,135000000.0,18.0,True,True,False,False,False,missing_split_unit_validation;incomplete_prices;incomplete_volume,Yahoo/pilot,data/raw/yahoo/PAND.parquet,False,1.0,,2020-10-09,
RNLX_20200717,RNLX,Renalytix Plc,2020-07-17,74047500.0,13.5,True,True,False,False,False,missing_split_unit_validation;incomplete_prices;incomplete_volume,Yahoo/pilot,data/raw/yahoo/RNLX.parquet,False,1.0,,2020-10-09,
RLAY_20200716,RLAY,"Relay Therapeutics, Inc.",2020-07-16,400000000.0,20.0,True,True,True,True,True,,Yahoo/pilot,data/raw/yahoo/RLAY.parquet,True,1.0,0.5610433181594336,2020-10-08,0.5610433181594336
TIG_20200716,TIG,"Trean Insurance Group, Inc.",2020-07-16,160714290.0,15.0,True,True,False,False,False,missing_split_unit_validation;incomplete_prices;incomplete_volume,Yahoo/pilot,data/raw/yahoo/TIG.parquet,False,1.0,,2020-10-08,
GOCO_20200715,GOCO,"GoHealth, Inc.",2020-07-15,913500000.0,21.0,True,True,False,False,False,missing_split_unit_validation;incomplete_prices;incomplete_volume,Yahoo/pilot,data/raw/yahoo/GOCO.parquet,False,1.0,,2020-10-07,
HPX_20200715,HPX,HPX Corp.,2020-07-15,,10.0,True,True,False,False,False,missing_positive_proceeds;incomplete_prices;incomplete_volume,Yahoo/pilot,data/raw/yahoo/HPX.parquet,False,1.0,,2020-10-07,
NCNO_20200714,NCNO,"nCino, Inc.",2020-07-14,249860000.0,31.0,True,True,True,True,True,,Yahoo/pilot,data/raw/yahoo/NCNO.parquet,True,1.0,1.083334850946024,2020-10-06,1.083334850946024
IVA_20200710,IVA,Inventiva S.A.,2020-07-10,107686958.0,14.4,True,True,True,True,True,,Yahoo/pilot,data/raw/yahoo/IVA.parquet,True,1.0,-0.0704820693533265,2020-10-02,-0.0704820693533265
NKTX_20200710,NKTX,"Nkarta, Inc.",2020-07-10,252000000.0,18.0,True,True,True,True,True,,Yahoo/pilot,data/raw/yahoo/NKTX.parquet,True,1.0,0.978743778376214,2020-10-02,0.978743778376214
PSTX_20200710,PSTX,"Poseida Therapeutics, Inc.",2020-07-10,224000000.0,16.0,True,True,False,False,False,missing_split_unit_validation;incomplete_prices;incomplete_volume,Yahoo/pilot,data/raw/yahoo/PSTX.parquet,False,1.0,,2020-10-02,
QH_20200710,QH,Quhuo Limited,2020-07-10,33000000.0,10.0,True,True,True,True,True,,Yahoo/pilot,data/raw/yahoo/QH.parquet,True,0.0001111111111111,0.2445135770504023,2020-10-02,0.2445135770504023
BLCT_20200708,BLCT,BlueCity Holdings Ltd.,2020-07-08,84800000.0,16.0,True,True,False,False,False,missing_split_unit_validation;incomplete_prices;incomplete_volume,Yahoo/pilot,data/raw/yahoo/BLCT.parquet,False,1.0,,2020-09-30,
ACCD_20200702,ACCD,"Accolade, Inc.",2020-07-02,220499972.0,22.0,True,True,False,False,False,missing_split_unit_validation;incomplete_prices;incomplete_volume,Yahoo/pilot,data/raw/yahoo/ACCD.parquet,False,1.0,,2020-09-25,
LMND_20200702,LMND,"Lemonade, Inc.",2020-07-02,319000000.0,29.0,True,True,True,True,True,,Yahoo/pilot,data/raw/yahoo/LMND.parquet,True,1.0,0.8727351721255611,2020-09-25,0.8727351721255611
DNB_20200701,DNB,"Dun & Bradstreet Holdings, Inc.",2020-07-01,1722649984.0,22.0,True,True,False,False,False,missing_split_unit_validation;incomplete_prices;incomplete_volume,Yahoo/pilot,data/raw/yahoo/DNB.parquet,False,1.0,,2020-09-24,
ADTX_20200630,ADTX,"Aditxt, Inc.",2020-06-30,11040012.0,9.0,True,True,True,False,False,missing_split_unit_validation;incomplete_volume,Yahoo/pilot,data/raw/yahoo/ADTX.parquet,False,1.0,,2020-09-23,26.33805095931777
ACI_20200626,ACI,"Albertsons Companies, Inc.",2020-06-26,800000000.0,16.0,True,True,True,True,True,,Yahoo/pilot,data/raw/yahoo/ACI.parquet,True,1.0,-0.0349797312413254,2020-09-21,-0.0349797312413254
AKUS_20200626,AKUS,"Akouos, Inc.",2020-06-26,212500000.0,17.0,True,True,False,False,False,missing_split_unit_validation;incomplete_prices;incomplete_volume,Yahoo/pilot,data/raw/yahoo/AKUS.parquet,False,1.0,,2020-09-21,
API_20200626,API,"Agora, Inc.",2020-06-26,350000000.0,20.0,True,True,True,True,True,,Yahoo/pilot,data/raw/yahoo/API.parquet,True,1.0,0.9262410627273232,2020-09-21,0.9262410627273232
EBON_20200626,EBON,Ebang International Holdings Inc.,2020-06-26,100752483.0,5.23,True,True,True,True,True,,Yahoo/pilot,data/raw/yahoo/EBON.parquet,True,0.0333333333333333,-0.0449733656427312,2020-09-21,-0.0449733656427312
FUSN_20200626,FUSN,"Fusion Pharmaceuticals, Inc.",2020-06-26,212500000.0,17.0,True,True,False,False,False,missing_split_unit_validation;incomplete_prices;incomplete_volume,Yahoo/pilot,data/raw/yahoo/FUSN.parquet,False,1.0,,2020-09-21,
PYPD_20200626,PYPD,PolyPid Ltd.,2020-06-26,60000000.0,16.0,True,True,True,True,True,,Yahoo/pilot,data/raw/yahoo/PYPD.parquet,True,0.0333333333333333,0.1718502569266592,2020-09-21,0.1718502569266592
BIOR_20200619,BIOR,"Biora Therapeutics, Inc.",2020-06-19,,15.0,True,True,False,False,False,missing_positive_proceeds;incomplete_prices;incomplete_volume,Yahoo/pilot,data/raw/yahoo/BIOR.parquet,False,1.0,,2020-09-14,
FMTX_20200619,FMTX,"Forma Therapeutics Holdings, Inc.",2020-06-19,277647040.0,20.0,True,True,False,False,False,missing_split_unit_validation;incomplete_prices;incomplete_volume,Yahoo/pilot,data/raw/yahoo/FMTX.parquet,False,1.0,,2020-09-14,
GTH_20200619,GTH,Genetron Holdings Limited,2020-06-19,256000000.0,16.0,True,True,False,False,False,missing_split_unit_validation;incomplete_prices;incomplete_volume,Yahoo/pilot,data/raw/yahoo/GTH.parquet,False,1.0,,2020-09-14,
IMG_20200619,IMG,CIMG Inc.,2020-06-19,,,False,True,True,True,False,unresolved_identity_or_alias_duplicate;missing_positive_proceeds;missing_positive_offer_price,Yahoo/chart retry,data/raw/check2/recovered_IMG_20200619_CIMG.parquet,False,1.0,,2020-09-14,
NUZE_20200619,NUZE,"NuZee, Inc.",2020-06-19,,9.0,False,True,True,True,False,unresolved_identity_or_alias_duplicate;missing_positive_proceeds,Yahoo/chart retry,data/raw/check2/recovered_NUZE_20200619_CIMG.parquet,False,1.0,,2020-09-14,6.57305924176218
RPTX_20200619,RPTX,"Repare Therapeutics, Inc.",2020-06-19,220000000.0,20.0,True,True,False,False,False,missing_split_unit_validation;incomplete_prices;incomplete_volume,Yahoo/pilot,data/raw/yahoo/RPTX.parquet,False,1.0,,2020-09-14,
RPRX_20200616,RPRX,Royalty Pharma plc,2020-06-16,2175086760.0,28.0,True,True,True,True,True,,Yahoo/pilot,data/raw/yahoo/RPRX.parquet,True,1.0,0.4632846789969905,2020-09-09,0.4632846789969905
AZEK_20200612,AZEK,The AZEK Company Inc.,2020-06-12,764750000.0,23.0,True,True,False,False,False,missing_split_unit_validation;incomplete_prices;incomplete_volume,Yahoo/pilot,data/raw/yahoo/AZEK.parquet,False,1.0,,2020-09-04,
BNR_20200612,BNR,Burning Rock Biotech Limited,2020-06-12,222750000.0,16.5,True,True,True,True,True,,Yahoo/pilot,data/raw/yahoo/BNR.parquet,True,0.1,0.4006048436163209,2020-09-04,0.4006048436163209
GBIO_20200612,GBIO,Generation Bio Co.,2020-06-12,199500000.0,19.0,True,True,False,False,False,missing_split_unit_validation;incomplete_prices;incomplete_volume,Yahoo/pilot,data/raw/yahoo/GBIO.parquet,False,1.0,,2020-09-04,
PCVX_20200612,PCVX,"Vaxcyte, Inc.",2020-06-12,250000000.0,16.0,True,True,True,True,True,,Yahoo/pilot,data/raw/yahoo/PCVX.parquet,True,1.0,0.4912604536833981,2020-09-04,0.4912604536833981
RNA_20200612,RNA,"Avidity Biosciences, Inc.",2020-06-12,259200000.0,18.0,True,True,False,False,False,missing_split_unit_validation;incomplete_prices;incomplete_volume,Yahoo/pilot,data/raw/yahoo/RNA.parquet,False,1.0,,2020-09-04,
LTRN_20200611,LTRN,Lantern Pharma Inc.,2020-06-11,26250000.0,15.0,True,True,True,True,True,,Yahoo/pilot,data/raw/yahoo/LTRN.parquet,True,1.0,-0.0033389140236996,2020-09-03,-0.0033389140236996
UCL_20200610,UCL,uCloudlink Group Inc.,2020-06-10,36180000.0,18.0,True,True,True,True,True,,Yahoo/pilot,data/raw/yahoo/UCL.parquet,True,1.0,-0.0431395059368263,2020-09-02,-0.0431395059368263
VRM_20200609,VRM,"Vroom, Inc.",2020-06-09,467500000.0,22.0,True,True,False,False,False,missing_split_unit_validation;incomplete_prices;incomplete_volume,Yahoo/pilot,data/raw/yahoo/VRM.parquet,False,1.0,,2020-09-01,
AMTI_20200605,AMTI,"Applied Molecular Transport, Inc.",2020-06-05,154000000.0,14.0,True,True,False,False,False,missing_split_unit_validation;incomplete_prices;incomplete_volume,Yahoo/pilot,data/raw/yahoo/AMTI.parquet,False,1.0,,2020-08-28,
CALT_20200605,CALT,Calliditas Therapeutics AB,2020-06-05,80991008.0,19.5,True,True,False,False,False,missing_split_unit_validation;incomplete_prices;incomplete_volume,Yahoo/pilot,data/raw/yahoo/CALT.parquet,False,1.0,,2020-08-28,
DADA_20200605,DADA,Dada Nexus Limited,2020-06-05,320000000.0,16.0,True,True,False,False,False,missing_split_unit_validation;incomplete_prices;incomplete_volume,Yahoo/pilot,data/raw/yahoo/DADA.parquet,False,1.0,,2020-08-28,
FOUR_20200605,FOUR,"Shift4 Payments, Inc.",2020-06-05,345000000.0,23.0,True,True,True,True,True,,Yahoo/pilot,data/raw/yahoo/FOUR.parquet,True,1.0,0.3772445677624942,2020-08-28,0.3772445677624942
LEGN_20200605,LEGN,Legend Biotech Corporation,2020-06-05,423775000.0,23.0,True,True,True,True,True,,Yahoo/pilot,data/raw/yahoo/LEGN.parquet,True,1.0,0.4754236967150748,2020-08-28,0.4754236967150748
ZI_20200604,ZI,ZoomInfo Technologies Inc.,2020-06-04,934500000.0,21.0,True,True,False,False,False,missing_split_unit_validation;incomplete_prices;incomplete_volume,Yahoo/pilot,data/raw/yahoo/ZI.parquet,False,1.0,,2020-08-27,
PLRX_20200603,PLRX,"Pliant Therapeutics, Inc.",2020-06-03,144000000.0,16.0,True,True,True,True,True,,Yahoo/pilot,data/raw/yahoo/PLRX.parquet,True,1.0,0.2861183146568439,2020-08-26,0.2861183146568439
WMG_20200603,WMG,Warner Music Group Corp.,2020-06-03,1925000000.0,25.0,True,True,True,True,True,,Yahoo/pilot,data/raw/yahoo/WMG.parquet,True,1.0,0.1863136059264862,2020-08-26,0.1863136059264862
NARI_20200522,NARI,"Inari Medical, Inc.",2020-05-22,155848735.0,19.0,True,True,False,False,False,missing_split_unit_validation;incomplete_prices;incomplete_volume,Yahoo/pilot,data/raw/yahoo/NARI.parquet,False,1.0,,2020-08-17,
SLQT_20200521,SLQT,"SelectQuote, Inc.",2020-05-21,570000000.0,20.0,True,True,True,True,True,,Yahoo/pilot,data/raw/yahoo/SLQT.parquet,True,1.0,0.3001045924503381,2020-08-14,0.3001045924503381
ADCT_20200515,ADCT,ADC Therapeutics SA,2020-05-15,232666989.0,19.0,True,True,True,True,False,missing_split_unit_validation;unverified_nasdaq_adjustment,Nasdaq/historical,data/raw/check2/recovered_nasdaq_ADCT_20200515.parquet,False,1.0,,2020-08-10,0.4450231462772939
AYLA_20200508,AYLA,"Ayala Pharmaceuticals, Inc.",2020-05-08,55000005.0,15.0,True,True,False,False,False,missing_split_unit_validation;incomplete_prices;incomplete_volume,Yahoo/pilot,data/raw/yahoo/AYLA.parquet,False,1.0,,2020-08-03,
CLEU_20200508,CLEU,China Liberal Education Holdings Limited,2020-05-08,7999998.0,6.0,True,True,False,False,False,missing_split_unit_validation;incomplete_prices;incomplete_volume,Yahoo/pilot,data/raw/yahoo/CLEU.parquet,False,1.0,,2020-08-03,
KC_20200508,KC,Kingsoft Cloud Holdings Limited,2020-05-08,510000000.0,17.0,True,True,True,True,True,,Yahoo/pilot,data/raw/yahoo/KC.parquet,True,1.0,0.3381515045414317,2020-08-03,0.3381515045414317
GAN_20200505,GAN,GAN Limited,2020-05-05,54230000.0,8.5,True,True,False,False,False,missing_split_unit_validation;incomplete_prices;incomplete_volume,Yahoo/pilot,data/raw/yahoo/GAN.parquet,False,1.0,,2020-07-29,
LYRA_20200501,LYRA,"Lyra Therapeutics, Inc.",2020-05-01,56000000.0,16.0,True,True,True,True,True,,Yahoo/pilot,data/raw/yahoo/LYRA.parquet,True,0.02,0.1484200051182732,2020-07-27,0.1484200051182732
ORIC_20200424,ORIC,"ORIC Pharmaceuticals, Inc.",2020-04-24,120000000.0,16.0,True,True,True,True,True,,Yahoo/pilot,data/raw/yahoo/ORIC.parquet,True,1.0,0.4766223201879254,2020-07-20,0.4766223201879254
KROS_20200408,KROS,"Keros Therapeutics, Inc.",2020-04-08,96000000.0,16.0,True,True,True,True,True,,Yahoo/pilot,data/raw/yahoo/KROS.parquet,True,1.0,0.2271355687842479,2020-07-02,0.2271355687842479
ZNTL_20200403,ZNTL,"Zentalis Pharmaceuticals, Inc.",2020-04-03,165240000.0,18.0,True,True,True,True,True,,Yahoo/pilot,data/raw/yahoo/ZNTL.parquet,True,1.0,0.2537805536614202,2020-06-29,0.2537805536614202
WIMI_20200401,WIMI,WiMi Hologram Cloud Inc.,2020-04-01,26125000.0,5.5,True,True,True,True,True,,Yahoo/pilot,data/raw/yahoo/WIMI.parquet,True,0.1,0.0,2020-06-25,0.0
ELVN_20200312,ELVN,"Enliven Therapeutics, Inc.",2020-03-12,,16.0,True,True,True,True,False,missing_positive_proceeds,Yahoo/pilot,data/raw/yahoo/ELVN.parquet,False,1.0,,2020-06-05,1.3217558399823195
GFL_20200303,GFL,GFL Environmental Inc.,2020-03-03,1425000000.0,19.0,True,True,True,True,True,,Yahoo/pilot,data/raw/yahoo/GFL.parquet,True,1.0,-0.1230601381702909,2020-05-27,-0.1230601381702909
PASG_20200228,PASG,"Passage Bio, Inc.",2020-02-28,216000000.0,18.0,True,True,True,True,True,,Yahoo/pilot,data/raw/yahoo/PASG.parquet,True,0.05,0.2097205309820691,2020-05-22,0.2097205309820691
ZCMD_20200224,ZCMD,Zhongchao Inc.,2020-02-24,12000000.0,4.0,True,True,True,False,False,missing_split_unit_validation;incomplete_volume;unverified_nasdaq_adjustment,Nasdaq/historical,data/raw/check2/recovered_nasdaq_ZCMD_20200224.parquet,False,1.0,,2020-05-18,8.91457612993748
RVMD_20200213,RVMD,"Revolution Medicines, Inc.",2020-02-13,238000000.0,17.0,True,True,True,True,True,,Yahoo/pilot,data/raw/yahoo/RVMD.parquet,True,1.0,0.5306282378625258,2020-05-08,0.5306282378625258
SCNX_20200213,SCNX,"Scienture Holdings, Inc.",2020-02-13,,,True,True,True,True,False,missing_positive_proceeds;missing_positive_offer_price,Yahoo/pilot,data/raw/yahoo/SCNX.parquet,False,1.0,,2020-05-08,
SDOT_20200213,SDOT,Sadot Group Inc.,2020-02-13,,5.0,True,True,True,True,False,missing_positive_proceeds,Yahoo/pilot,data/raw/yahoo/SDOT.parquet,False,1.0,,2020-05-08,7.342131730584722
ZGYH_20200213,ZGYH,Yunhong International,2020-02-13,,10.0,True,True,False,False,False,missing_positive_proceeds;incomplete_prices;incomplete_volume,Yahoo/pilot,data/raw/yahoo/ZGYH.parquet,False,1.0,,2020-05-08,
NREF_20200207,NREF,"NexPoint Real Estate Finance, Inc.",2020-02-07,95000000.0,19.0,True,True,True,True,True,,Yahoo/pilot,data/raw/yahoo/NREF.parquet,True,1.0,-0.0105821499124235,2020-05-04,-0.0105821499124235
ONEW_20200207,ONEW,OneWater Marine Inc.,2020-02-07,55384620.0,12.0,True,True,True,True,True,,Yahoo/pilot,data/raw/yahoo/ONEW.parquet,True,1.0,0.2324336208978381,2020-05-04,0.2324336208978381
PFHD_20200207,PFHD,Professional Holding Corp.,2020-02-07,57350000.0,18.5,True,True,False,False,False,missing_split_unit_validation;incomplete_prices;incomplete_volume,Yahoo/pilot,data/raw/yahoo/PFHD.parquet,False,1.0,,2020-05-04,
BEAM_20200206,BEAM,Beam Therapeutics Inc.,2020-02-06,180000012.0,17.0,True,True,True,True,True,,Yahoo/pilot,data/raw/yahoo/BEAM.parquet,True,1.0,0.0979804083602038,2020-05-01,0.0979804083602038
CSPR_20200206,CSPR,"Casper Sleep, Inc.",2020-02-06,100200000.0,12.0,True,True,False,False,False,missing_split_unit_validation;incomplete_prices;incomplete_volume,Yahoo/pilot,data/raw/yahoo/CSPR.parquet,False,1.0,,2020-05-01,
PPD_20200206,PPD,"PPD, Inc.",2020-02-06,1620000000.0,27.0,True,True,False,False,False,missing_split_unit_validation;incomplete_prices;incomplete_volume,Yahoo/pilot,data/raw/yahoo/PPD.parquet,False,1.0,,2020-05-01,
SDGR_20200206,SDGR,"Schrödinger, Inc.",2020-02-06,201999984.0,17.0,True,True,True,True,True,,Yahoo/pilot,data/raw/yahoo/SDGR.parquet,True,1.0,0.5215909767250706,2020-05-01,0.5215909767250706
ARQT_20200131,ARQT,"Arcutis Biotherapeutics, Inc.",2020-01-31,159375000.0,17.0,True,True,True,True,True,,Yahoo/pilot,data/raw/yahoo/ARQT.parquet,True,1.0,0.2486965907416039,2020-04-27,0.2486965907416039
ONEM_20200131,ONEM,"1Life Healthcare, Inc.",2020-01-31,245000000.0,14.0,True,True,False,False,False,missing_split_unit_validation;incomplete_prices;incomplete_volume,Yahoo/pilot,data/raw/yahoo/ONEM.parquet,False,1.0,,2020-04-27,
REYN_20200131,REYN,Reynolds Consumer Products Inc.,2020-01-31,1226420000.0,26.0,True,True,True,True,True,,Yahoo/pilot,data/raw/yahoo/REYN.parquet,True,1.0,0.0935603713576138,2020-04-27,0.0935603713576138
BDTX_20200130,BDTX,"Black Diamond Therapeutics, Inc.",2020-01-30,201140004.0,19.0,True,True,True,True,False,missing_split_unit_validation;unverified_nasdaq_adjustment,Nasdaq/historical,data/raw/check2/recovered_nasdaq_BDTX_20200130.parquet,False,1.0,,2020-04-24,0.7313552353988404
FRES_20200130,FRES,Fresh2 Group Ltd.,2020-01-30,,12.0,True,True,False,False,False,missing_positive_proceeds;incomplete_prices;incomplete_volume,Yahoo/pilot,data/raw/yahoo/FRES.parquet,False,1.0,,2020-04-24,
ANVS_20200129,ANVS,"Annovis Bio, Inc.",2020-01-29,12000000.0,6.0,True,True,True,True,True,,Yahoo/pilot,data/raw/yahoo/ANVS.parquet,True,1.0,0.4689614355784378,2020-04-23,0.4689614355784378
SCVX_20200124,SCVX,SCVX Corp.,2020-01-24,,10.0,True,True,False,False,False,missing_positive_proceeds;incomplete_prices;incomplete_volume,Yahoo/pilot,data/raw/yahoo/SCVX.parquet,False,1.0,,2020-04-20,
DNK_20200117,DNK,Phoenix Tree Holdings Ltd.,2020-01-17,129600000.0,13.5,True,True,False,False,False,missing_split_unit_validation;incomplete_prices;incomplete_volume,Yahoo/pilot,data/raw/yahoo/DNK.parquet,False,1.0,,2020-04-14,
NBP_20200117,NBP,NovaBridge Biosciences,2020-01-17,,,True,True,True,True,False,missing_positive_proceeds;missing_positive_offer_price,Yahoo/pilot,data/raw/yahoo/NBP.parquet,False,1.0,,2020-04-14,
SOGP_20200117,SOGP,Sound Group Inc.,2020-01-17,,11.0,True,True,True,True,False,missing_positive_proceeds,Yahoo/pilot,data/raw/yahoo/SOGP.parquet,False,1.0,,2020-04-14,2.3582778129666417
VEL_20200117,VEL,"Velocity Financial, Inc.",2020-01-17,94250000.0,13.0,True,True,True,True,True,,Yahoo/pilot,data/raw/yahoo/VEL.parquet,True,1.0,0.0384808114522312,2020-04-14,0.0384808114522312
NXGL_20211222,NXGL,"NEXGEL, Inc.",2021-12-22,14217500.0,5.5,True,True,True,True,True,,Yahoo/pilot,data/raw/yahoo/NXGL.parquet,True,1.0,-0.4462871080470236,2022-03-18,-0.4462871080470236
ADRT_20211216,ADRT,Ault Disruptive Technologies Corporation,2021-12-16,,10.0,True,True,False,False,False,missing_positive_proceeds;incomplete_prices;incomplete_volume,Yahoo/pilot,data/raw/yahoo/ADRT.parquet,False,1.0,,2022-03-14,
BNOX_20211216,BNOX,Bionomics Limited,2021-12-16,20031700.0,12.35,True,True,True,True,True,,Yahoo/chart retry,data/raw/check2/recovered_BNOX_20211216_NEUP.parquet,True,0.0833333333333333,0.1762301363235888,2022-03-14,0.1762301363235888
IMMX_20211216,IMMX,"Immix Biopharma, Inc.",2021-12-16,21000000.0,5.0,True,True,True,True,True,,Yahoo/pilot,data/raw/yahoo/IMMX.parquet,True,1.0,-0.3092462295790806,2022-03-14,-0.3092462295790806
SANG_20211216,SANG,Sangoma Technologies Corporation,2021-12-16,,22.68,True,True,True,True,False,missing_positive_proceeds,Yahoo/pilot,data/raw/yahoo/SANG.parquet,False,1.0,,2022-03-14,-0.282989972803562
GNTA_20211215,GNTA,Genenta Science S.p.A.,2021-12-15,27600000.0,11.5,True,True,True,True,True,,Yahoo/pilot,data/raw/yahoo/GNTA.parquet,True,1.0,-0.0444517625708338,2022-03-11,-0.0444517625708338
IOT_20211215,IOT,Samsara Inc.,2021-12-15,805000000.0,23.0,True,True,True,True,True,,Yahoo/pilot,data/raw/yahoo/IOT.parquet,True,1.0,0.0713090585930183,2022-03-11,0.0713090585930183
AMZE_20211214,AMZE,"Amaze Holdings, Inc.",2021-12-14,,,True,True,True,True,False,missing_positive_proceeds;missing_positive_offer_price,Yahoo/pilot,data/raw/yahoo/AMZE.parquet,False,1.0,,2022-03-10,
SIDU_20211214,SIDU,"Sidus Space, Inc.",2021-12-14,15000000.0,5.0,True,True,True,True,True,,Yahoo/pilot,data/raw/yahoo/SIDU.parquet,True,0.01,0.8911780310590797,2022-03-10,0.8911780310590797
HCP_20211209,HCP,"HashiCorp, Inc.",2021-12-09,1224000000.0,80.0,True,True,False,False,False,missing_split_unit_validation;incomplete_prices;incomplete_volume,Yahoo/pilot,data/raw/yahoo/HCP.parquet,False,1.0,,2022-03-07,
HORI_20211209,HORI,Emerging Markets Horizon Corp.,2021-12-09,,10.0,True,True,False,False,False,missing_positive_proceeds;incomplete_prices;incomplete_volume,Yahoo/pilot,data/raw/yahoo/HORI.parquet,False,1.0,,2022-03-07,
NRSN_20211209,NRSN,NeuroSense Therapeutics Ltd.,2021-12-09,12000000.0,6.0,True,True,True,True,True,,Yahoo/pilot,data/raw/yahoo/NRSN.parquet,True,1.0,-0.3955147866973164,2022-03-07,-0.3955147866973164
NU_20211209,NU,Nu Holdings Ltd.,2021-12-09,2602354995.0,9.0,True,True,True,True,True,,Yahoo/pilot,data/raw/yahoo/NU.parquet,True,1.0,0.1378276984096602,2022-03-07,0.1378276984096602
CING_20211208,CING,Cingulate Inc.,2021-12-08,24999996.0,6.0,True,True,True,True,True,,Yahoo/pilot,data/raw/yahoo/CING.parquet,True,0.0041666666666666,-0.2988553730499061,2022-03-04,-0.2988553730499061
REFI_20211208,REFI,"Chicago Atlantic Real Estate Finance, Inc.",2021-12-08,100000000.0,16.0,True,True,True,True,True,,Yahoo/pilot,data/raw/yahoo/REFI.parquet,True,1.0,0.0301654004516876,2022-03-04,0.0301654004516876
GLLI_20211207,GLLI,Globalink Investment Inc.,2021-12-07,,10.0,True,True,False,False,False,missing_positive_proceeds;incomplete_prices;incomplete_volume,Yahoo/pilot,data/raw/yahoo/GLLI.parquet,False,1.0,,2022-03-03,
STET_20211203,STET,ST Energy Transition I Ltd.,2021-12-03,,10.0,True,True,False,False,False,missing_positive_proceeds;incomplete_prices;incomplete_volume,Yahoo/pilot,data/raw/yahoo/STET.parquet,False,1.0,,2022-03-01,
MKULQ_20211124,MKULQ,"Molekule Group, Inc.",2021-11-24,,,True,True,False,False,False,missing_positive_proceeds;missing_positive_offer_price;incomplete_prices;incomplete_volume,Yahoo/pilot,data/raw/yahoo/MKULQ.parquet,False,1.0,,2022-02-18,
AHI_20211119,AHI,Advanced Human Imaging Limited,2021-11-19,10500000.0,10.5,True,True,False,False,False,missing_split_unit_validation;incomplete_prices;incomplete_volume,Yahoo/pilot,data/raw/yahoo/AHI.parquet,False,1.0,,2022-02-15,
FINW_20211119,FINW,FinWise Bancorp,2021-11-19,36750000.0,10.5,True,True,True,True,True,,Yahoo/pilot,data/raw/yahoo/FINW.parquet,True,1.0,0.1925861194463967,2022-02-15,0.1925861194463967
FNUC_20211119,FNUC,Frontier Nuclear and Minerals Inc.,2021-11-19,,,True,True,True,True,False,missing_positive_proceeds;missing_positive_offer_price,Yahoo/pilot,data/raw/yahoo/FNUC.parquet,False,1.0,,2022-02-15,
SG_20211118,SG,"Sweetgreen, Inc.",2021-11-18,364000000.0,28.0,True,True,True,True,True,,Yahoo/pilot,data/raw/yahoo/SG.parquet,True,1.0,0.5697681593994407,2022-02-14,0.5697681593994407
BRZE_20211117,BRZE,"Braze, Inc.",2021-11-17,520000000.0,65.0,True,True,True,True,True,,Yahoo/pilot,data/raw/yahoo/BRZE.parquet,True,1.0,0.3623969966904763,2022-02-11,0.3623969966904763
IREN_20211117,IREN,IREN Limited,2021-11-17,231538468.0,28.0,True,True,True,True,True,,Yahoo/pilot,data/raw/yahoo/IREN.parquet,True,1.0,-0.1355742630502557,2022-02-11,-0.1355742630502557
NETC_20211117,NETC,Nabors Energy Transition Corp.,2021-11-17,,10.0,True,True,False,False,False,missing_positive_proceeds;incomplete_prices;incomplete_volume,Yahoo/pilot,data/raw/yahoo/NETC.parquet,False,1.0,,2022-02-11,
SEVCF_20211117,SEVCF,Sono Group N.V.,2021-11-17,,,True,True,False,False,False,missing_positive_proceeds;missing_positive_offer_price;incomplete_prices;incomplete_volume,Yahoo/pilot,data/raw/yahoo/SEVCF.parquet,False,1.0,,2022-02-11,
USER_20211117,USER,"UserTesting, Inc.",2021-11-17,140000000.0,14.0,True,True,False,False,False,missing_split_unit_validation;incomplete_prices;incomplete_volume,Yahoo/pilot,data/raw/yahoo/USER.parquet,False,1.0,,2022-02-11,
ENCP_20211116,ENCP,Energem Corp.,2021-11-16,,10.0,True,True,False,False,False,missing_positive_proceeds;incomplete_prices;incomplete_volume,Yahoo/pilot,data/raw/yahoo/ENCP.parquet,False,1.0,,2022-02-10,
BTBD_20211112,BTBD,"BT Brands, Inc.",2021-11-12,12000000.0,5.0,True,True,True,True,True,,Yahoo/pilot,data/raw/yahoo/BTBD.parquet,True,1.0,-0.1278333498354688,2022-02-08,-0.1278333498354688
DERM_20211112,DERM,Journey Medical Corporation,2021-11-12,35200000.0,10.0,True,True,True,True,True,,Yahoo/pilot,data/raw/yahoo/DERM.parquet,True,1.0,-0.0100503743857978,2022-02-08,-0.0100503743857978
MYNA_20211112,MYNA,Mynaric AG,2021-11-12,66000000.0,16.5,True,True,False,False,False,missing_split_unit_validation;incomplete_prices;incomplete_volume,Yahoo/pilot,data/raw/yahoo/MYNA.parquet,False,1.0,,2022-02-08,
BEAT_20211111,BEAT,"HeartBeam, Inc.",2021-11-11,16500000.0,6.0,True,True,True,True,True,,Yahoo/pilot,data/raw/yahoo/BEAT.parquet,True,1.0,-0.2463268745693428,2022-02-07,-0.2463268745693428
BLZE_20211111,BLZE,"Backblaze, Inc.",2021-11-11,100000000.0,16.0,True,True,True,True,True,,Yahoo/pilot,data/raw/yahoo/BLZE.parquet,True,1.0,0.2181309903213323,2022-02-07,0.2181309903213323
LVLU_20211111,LVLU,"Lulu's Fashion Lounge Holdings, Inc.",2021-11-11,92000000.0,16.0,True,True,True,True,True,,Yahoo/pilot,data/raw/yahoo/LVLU.parquet,True,0.0666666666666666,-0.2030346295477786,2022-02-07,-0.2030346295477786
PIK_20211111,PIK,Kidpik Corp.,2021-11-11,18000000.0,8.5,True,True,True,True,True,,Yahoo/chart retry,data/raw/check2/recovered_PIK_20211111_PIKM.parquet,True,0.2,-1.6094379124341005,2022-02-07,-1.6094379124341005
VAXX_20211111,VAXX,"Vaxxinity, Inc.",2021-11-11,78000000.0,13.0,True,True,True,True,True,,Yahoo/pilot,data/raw/yahoo/VAXX.parquet,True,1.0,0.2414366982624735,2022-02-07,0.2414366982624735
VBIO_20211111,VBIO,"Valion Bio, Inc.",2021-11-11,,,True,True,True,True,False,missing_positive_proceeds;missing_positive_offer_price,Yahoo/pilot,data/raw/yahoo/VBIO.parquet,False,1.0,,2022-02-07,
WBEV_20211111,WBEV,"Winc, Inc.",2021-11-11,22000004.0,13.0,True,True,False,False,False,missing_split_unit_validation;incomplete_prices;incomplete_volume,Yahoo/pilot,data/raw/yahoo/WBEV.parquet,False,1.0,,2022-02-07,
WEAV_20211111,WEAV,"Weave Communications, Inc.",2021-11-11,120000000.0,24.0,True,True,True,True,True,,Yahoo/pilot,data/raw/yahoo/WEAV.parquet,True,1.0,-0.2447289681983928,2022-02-07,-0.2447289681983928
BJDX_20211110,BJDX,"Bluejay Diagnostics, Inc.",2021-11-10,21600000.0,10.0,True,True,True,True,True,,Yahoo/pilot,data/raw/yahoo/BJDX.parquet,True,3.125e-05,-0.6311117896404926,2022-02-04,-0.6311117896404926
CINT_20211110,CINT,CI&T Inc.,2021-11-10,195652170.0,15.0,True,True,True,True,True,,Yahoo/pilot,data/raw/yahoo/CINT.parquet,True,1.0,0.1889661458279311,2022-02-04,0.1889661458279311
EXFY_20211110,EXFY,"Expensify, Inc.",2021-11-10,262730952.0,27.0,True,True,True,True,True,,Yahoo/pilot,data/raw/yahoo/EXFY.parquet,True,1.0,0.4191975790324154,2022-02-04,0.4191975790324154
RIVN_20211110,RIVN,"Rivian Automotive, Inc.",2021-11-10,11934000000.0,78.0,True,True,True,True,True,,Yahoo/pilot,data/raw/yahoo/RIVN.parquet,True,1.0,0.2557348765910532,2022-02-04,0.2557348765910532
SOPA_20211109,SOPA,Society Pass Incorporated,2021-11-09,26000001.0,9.0,True,True,False,False,False,missing_split_unit_validation;incomplete_prices;incomplete_volume,Yahoo/pilot,data/raw/yahoo/SOPA.parquet,False,1.0,,2022-02-03,
SWAG_20211109,SWAG,"Stran & Company, Inc.",2021-11-09,,4.15,True,True,True,True,False,missing_positive_proceeds,Yahoo/pilot,data/raw/yahoo/SWAG.parquet,False,1.0,,2022-02-03,-0.046864299343144
TCBX_20211109,TCBX,"Third Coast Bancshares, Inc.",2021-11-09,87500000.0,25.0,True,True,True,True,True,,Yahoo/pilot,data/raw/yahoo/TCBX.parquet,True,1.0,0.0003999291729396,2022-02-03,0.0003999291729396
CIAN_20211105,CIAN,Cian PLC,2021-11-05,291414400.0,16.0,True,True,False,False,False,missing_split_unit_validation;incomplete_prices;incomplete_volume,Yahoo/pilot,data/raw/yahoo/CIAN.parquet,False,1.0,,2022-02-01,
IOBT_20211105,IOBT,"IO Biotech, Inc.",2021-11-05,100100000.0,14.0,True,True,False,False,False,missing_split_unit_validation;incomplete_prices;incomplete_volume,Yahoo/pilot,data/raw/yahoo/IOBT.parquet,False,1.0,,2022-02-01,
QUCY_20211105,QUCY,Quantum Cyber N.V.,2021-11-05,,,True,True,True,True,False,missing_positive_proceeds;missing_positive_offer_price,Yahoo/pilot,data/raw/yahoo/QUCY.parquet,False,1.0,,2022-02-01,
RGF_20211105,RGF,Rio Grande Forestal (RIVERFOREST) S.A.,2021-11-05,63999996.0,12.0,True,True,False,False,False,missing_split_unit_validation;incomplete_prices;incomplete_volume,Yahoo/pilot,data/raw/yahoo/RGF.parquet,False,1.0,,2022-02-01,
ARHS_20211104,ARHS,"Arhaus, Inc.",2021-11-04,167741938.0,13.0,True,True,True,True,True,,Yahoo/pilot,data/raw/yahoo/ARHS.parquet,True,1.0,-0.0155041716348042,2022-01-31,-0.0155041716348042
CDRE_20211104,CDRE,"Cadre Holdings, Inc.",2021-11-04,78000000.0,13.0,True,True,True,True,True,,Yahoo/pilot,data/raw/yahoo/CDRE.parquet,True,1.0,0.1622496599845373,2022-01-31,0.1622496599845373
EVO_20211104,EVO,Evotec SE,2021-11-04,435000000.0,21.75,True,True,True,True,True,,Yahoo/pilot,data/raw/yahoo/EVO.parquet,True,1.0,0.0114286958236228,2022-01-31,0.0114286958236228
LION_20211104,LION,Lionheart III Corp.,2021-11-04,,10.0,True,True,False,False,False,missing_positive_proceeds;incomplete_prices;incomplete_volume,Yahoo/pilot,data/raw/yahoo/LION.parquet,False,1.0,,2022-01-31,
MDXH_20211104,MDXH,MDxHealth SA,2021-11-04,45000000.0,12.0,True,True,True,True,True,,Yahoo/pilot,data/raw/yahoo/MDXH.parquet,True,1.0,0.0,2022-01-31,0.0
NRDS_20211104,NRDS,"NerdWallet, Inc.",2021-11-04,130500000.0,18.0,True,True,True,True,True,,Yahoo/pilot,data/raw/yahoo/NRDS.parquet,True,1.0,0.4524900197940356,2022-01-31,0.4524900197940356
BIRD_20211103,BIRD,"Smartbird, Inc",2021-11-03,302884605.0,15.0,True,True,True,True,True,,Yahoo/pilot,data/raw/yahoo/BIRD.parquet,True,0.05,0.655445292249192,2022-01-28,0.655445292249192
CMTG_20211103,CMTG,"Claros Mortgage Trust, Inc.",2021-11-03,103040019.0,18.65,True,True,True,True,True,,Yahoo/pilot,data/raw/yahoo/CMTG.parquet,True,1.0,-0.0926328020336084,2022-01-28,-0.0926328020336084
LIANY_20211101,LIANY,LianBio,2021-11-01,,16.0,True,True,True,True,False,missing_positive_proceeds,Yahoo/pilot,data/raw/yahoo/LIANY.parquet,False,1.0,,2022-01-26,-0.1551929033279549
AIRS_20211029,AIRS,"AirSculpt Technologies, Inc.",2021-10-29,77000000.0,11.0,True,True,True,True,True,,Yahoo/pilot,data/raw/yahoo/AIRS.parquet,True,1.0,0.3677947293564687,2022-01-25,0.3677947293564687
AURA_20211029,AURA,"Aura Biosciences, Inc.",2021-10-29,75600000.0,14.0,True,True,True,True,True,,Yahoo/pilot,data/raw/yahoo/AURA.parquet,True,1.0,0.0555698640423015,2022-01-25,0.0555698640423015
BFRI_20211029,BFRI,Biofrontera Inc.,2021-10-29,18000000.0,5.0,True,True,True,True,True,,Yahoo/pilot,data/raw/yahoo/BFRI.parquet,True,0.05,-0.125563257575775,2022-01-25,-0.125563257575775
HRT_20211029,HRT,HireRight Holdings Corporation,2021-10-29,422222218.0,19.0,True,True,False,False,False,missing_split_unit_validation;incomplete_prices;incomplete_volume,Yahoo/pilot,data/raw/yahoo/HRT.parquet,False,1.0,,2022-01-25,
SONX_20211029,SONX,"Sonendo, Inc.",2021-10-29,93600000.0,12.0,True,True,True,True,True,,Yahoo/pilot,data/raw/yahoo/SONX.parquet,True,0.005,-0.2657031657330056,2022-01-25,-0.2657031657330056
TRDA_20211029,TRDA,"Entrada Therapeutics, Inc.",2021-10-29,181500000.0,20.0,True,True,True,True,True,,Yahoo/pilot,data/raw/yahoo/TRDA.parquet,True,1.0,0.1802360821584423,2022-01-25,0.1802360821584423
UDMY_20211029,UDMY,"Udemy, Inc.",2021-10-29,420500000.0,29.0,True,True,False,False,False,missing_split_unit_validation;incomplete_prices;incomplete_volume,Yahoo/pilot,data/raw/yahoo/UDMY.parquet,False,1.0,,2022-01-25,
DTC_20211028,DTC,"Solo Brands, Inc.",2021-10-28,219354825.0,17.0,True,True,False,False,False,missing_split_unit_validation;incomplete_prices;incomplete_volume,Yahoo/pilot,data/raw/yahoo/DTC.parquet,False,1.0,,2022-01-24,
FLNC_20211028,FLNC,"Fluence Energy, Inc.",2021-10-28,868000000.0,28.0,True,True,True,True,True,,Yahoo/pilot,data/raw/yahoo/FLNC.parquet,True,1.0,0.2231435513142097,2022-01-24,0.2231435513142097
GFS_20211028,GFS,GLOBALFOUNDRIES Inc.,2021-10-28,2585000000.0,47.0,True,True,True,True,True,,Yahoo/pilot,data/raw/yahoo/GFS.parquet,True,1.0,-0.0128481095925283,2022-01-24,-0.0128481095925283
AIP_20211027,AIP,"Arteris, Inc.",2021-10-27,70000000.0,14.0,True,True,True,True,True,,Yahoo/pilot,data/raw/yahoo/AIP.parquet,True,1.0,0.2623643063872403,2022-01-21,0.2623643063872403
INFA_20211027,INFA,Informatica Inc.,2021-10-27,841000000.0,29.0,True,True,False,False,False,missing_split_unit_validation;incomplete_prices;incomplete_volume,Yahoo/pilot,data/raw/yahoo/INFA.parquet,False,1.0,,2022-01-21,
MRAI_20211027,MRAI,"Marpai, Inc.",2021-10-27,25000000.0,4.0,True,True,True,True,True,,Yahoo/pilot,data/raw/yahoo/MRAI.parquet,True,0.25,0.1718502569266592,2022-01-21,0.1718502569266592
RENT_20211027,RENT,"Rent the Runway, Inc.",2021-10-27,357000000.0,21.0,True,True,True,True,True,,Yahoo/pilot,data/raw/yahoo/RENT.parquet,True,0.05,-0.0849356424466131,2022-01-21,-0.0849356424466131
ARIS_20211022,ARIS,"Aris Water Solutions, Inc.",2021-10-22,229450000.0,13.0,True,True,True,True,True,,Yahoo/pilot,data/raw/yahoo/ARIS.parquet,True,1.0,-1.1140383067676838,2022-01-18,-1.1140383067676838
UTRS_20211022,UTRS,"Minerva Surgical, Inc.",2021-10-22,75000000.0,12.0,True,True,True,True,True,,Yahoo/pilot,data/raw/yahoo/UTRS.parquet,True,0.05,-0.2876820724517809,2022-01-18,-0.2876820724517809
XLO_20211022,XLO,"Xilio Therapeutics, Inc.",2021-10-22,117648000.0,16.0,True,True,True,True,True,,Yahoo/pilot,data/raw/yahoo/XLO.parquet,True,0.0714285714285714,0.0,2022-01-18,0.0
COCO_20211021,COCO,"The Vita Coco Company, Inc.",2021-10-21,172500000.0,15.0,True,True,True,True,True,,Yahoo/pilot,data/raw/yahoo/COCO.parquet,True,1.0,-0.1038800966291328,2022-01-14,-0.1038800966291328
ENFN_20211021,ENFN,"Enfusion, Inc.",2021-10-21,318750000.0,17.0,True,True,False,False,False,missing_split_unit_validation;incomplete_prices;incomplete_volume,Yahoo/pilot,data/raw/yahoo/ENFN.parquet,False,1.0,,2022-01-14,
GOGN_20211021,GOGN,GoGreen Investments Corporation,2021-10-21,,10.0,True,True,False,False,False,missing_positive_proceeds;incomplete_prices;incomplete_volume,Yahoo/pilot,data/raw/yahoo/GOGN.parquet,False,1.0,,2022-01-14,
PTLO_20211021,PTLO,Portillo's Inc.,2021-10-21,405405400.0,20.0,True,True,True,True,True,,Yahoo/pilot,data/raw/yahoo/PTLO.parquet,True,1.0,0.3750059137323811,2022-01-14,0.3750059137323811
RPC_20211021,RPC,"Ridgepost Capital, Inc",2021-10-21,,,True,True,True,True,False,missing_positive_proceeds;missing_positive_offer_price,Yahoo/pilot,data/raw/yahoo/RPC.parquet,False,1.0,,2022-01-14,
RWAY_20211021,RWAY,Runway Growth Finance Corp.,2021-10-21,,14.6,True,True,True,True,False,missing_positive_proceeds,Yahoo/pilot,data/raw/yahoo/RWAY.parquet,False,1.0,,2022-01-14,-0.1237942469179613
VTYX_20211021,VTYX,"Ventyx Biosciences, Inc.",2021-10-21,151562496.0,16.0,True,True,False,False,False,missing_split_unit_validation;incomplete_prices;incomplete_volume,Yahoo/pilot,data/raw/yahoo/VTYX.parquet,False,1.0,,2022-01-14,
CNTX_20211020,CNTX,Context Therapeutics Inc.,2021-10-20,25000000.0,5.0,True,True,True,True,True,,Yahoo/pilot,data/raw/yahoo/CNTX.parquet,True,1.0,0.0198026085966831,2022-01-13,0.0198026085966831
CYN_20211020,CYN,Cyngn Inc.,2021-10-20,26250000.0,7.5,True,True,True,True,True,,Yahoo/pilot,data/raw/yahoo/CYN.parquet,True,6.666666666666667e-05,-0.0134230203321406,2022-01-13,-0.0134230203321406
SDIG_20211020,SDIG,"Stronghold Digital Mining, Inc.",2021-10-20,127058795.0,19.0,True,True,False,False,False,missing_split_unit_validation;incomplete_prices;incomplete_volume,Yahoo/pilot,data/raw/yahoo/SDIG.parquet,False,1.0,,2022-01-13,
FEXD_20211019,FEXD,Fintech Ecosystem Development Corp.,2021-10-19,,10.0,False,True,False,False,False,blank_check_company;missing_positive_proceeds;incomplete_prices;incomplete_volume,Yahoo/pilot,data/raw/yahoo/FEXD.parquet,False,1.0,,2022-01-12,
FNA_20211015,FNA,"Paragon 28, Inc.",2021-10-15,125000000.0,16.0,True,True,False,False,False,missing_split_unit_validation;incomplete_prices;incomplete_volume,Yahoo/pilot,data/raw/yahoo/FNA.parquet,False,1.0,,2022-01-10,
INKT_20211015,INKT,"MiNK Therapeutics, Inc.",2021-10-15,40000008.0,12.0,True,True,True,True,True,,Yahoo/pilot,data/raw/yahoo/INKT.parquet,True,0.1,0.0,2022-01-10,0.0
GTLB_20211014,GTLB,GitLab Inc.,2021-10-14,800800000.0,77.0,True,True,True,True,True,,Yahoo/pilot,data/raw/yahoo/GTLB.parquet,True,1.0,0.2995272193537774,2022-01-07,0.2995272193537774
IHS_20211014,IHS,IHS Holding Limited,2021-10-14,378000000.0,21.0,True,True,True,True,True,,Yahoo/pilot,data/raw/yahoo/IHS.parquet,True,1.0,-0.2113090936672069,2022-01-07,-0.2113090936672069
LUCD_20211014,LUCD,Lucid Diagnostics Inc.,2021-10-14,70000000.0,14.0,True,True,True,True,True,,Yahoo/pilot,data/raw/yahoo/LUCD.parquet,True,1.0,-0.1743533676820367,2022-01-07,-0.1743533676820367
AVDX_20211013,AVDX,"AvidXchange Holdings, Inc.",2021-10-13,660000000.0,25.0,True,True,False,False,False,missing_split_unit_validation;incomplete_prices;incomplete_volume,Yahoo/pilot,data/raw/yahoo/AVDX.parquet,False,1.0,,2022-01-06,
HCTI_20211013,HCTI,"Healthcare Triangle, Inc.",2021-10-13,18837020.0,4.0,True,True,True,True,True,,Yahoo/pilot,data/raw/yahoo/HCTI.parquet,True,6.693440428380186e-06,-0.1081421586197032,2022-01-06,-0.1081421586197032
CGTX_20211008,CGTX,"Cognition Therapeutics, Inc.",2021-10-08,45217392.0,12.0,True,True,True,True,True,,Yahoo/pilot,data/raw/yahoo/CGTX.parquet,True,1.0,0.0621920561032498,2022-01-03,0.0621920561032498
ISO_20211008,ISO,IsoPlexis Corporation,2021-10-08,124995000.0,15.0,True,True,False,False,False,missing_split_unit_validation;incomplete_prices;incomplete_volume,Yahoo/pilot,data/raw/yahoo/ISO.parquet,False,1.0,,2022-01-03,
LCW_20211008,LCW,Learn CW Investment Corporation,2021-10-08,,10.0,True,True,False,False,False,missing_positive_proceeds;incomplete_prices;incomplete_volume,Yahoo/pilot,data/raw/yahoo/LCW.parquet,False,1.0,,2022-01-03,
LTH_20211007,LTH,"Life Time Group Holdings, Inc.",2021-10-07,702000000.0,18.0,True,True,True,True,True,,Yahoo/pilot,data/raw/yahoo/LTH.parquet,True,1.0,-0.0139862419747398,2021-12-31,-0.0139862419747398
TCN_20211007,TCN,Tricon Residential Inc.,2021-10-07,,12.4,True,True,False,False,False,missing_positive_proceeds;incomplete_prices;incomplete_volume,Yahoo/pilot,data/raw/yahoo/TCN.parquet,False,1.0,,2021-12-31,
THRX_20211007,THRX,"Theseus Pharmaceuticals, Inc.",2021-10-07,160003200.0,16.0,True,True,False,False,False,missing_split_unit_validation;incomplete_prices;incomplete_volume,Yahoo/pilot,data/raw/yahoo/THRX.parquet,False,1.0,,2021-12-31,
EMPD_20211006,EMPD,Empery Digital Inc.,2021-10-06,,,True,True,True,True,False,missing_positive_proceeds;missing_positive_offer_price,Yahoo/pilot,data/raw/yahoo/EMPD.parquet,False,1.0,,2021-12-30,
NVEI_20211006,NVEI,Nuvei Corporation,2021-10-06,,123.14,True,True,False,False,False,missing_positive_proceeds;incomplete_prices;incomplete_volume,Yahoo/pilot,data/raw/yahoo/NVEI.parquet,False,1.0,,2021-12-30,
EXAI_20211001,EXAI,Exscientia plc,2021-10-01,304700000.0,22.0,True,True,False,False,False,missing_split_unit_validation;incomplete_prices;incomplete_volume,Yahoo/pilot,data/raw/yahoo/EXAI.parquet,False,1.0,,2021-12-27,
FWRG_20211001,FWRG,"First Watch Restaurant Group, Inc.",2021-10-01,170262000.0,18.0,True,True,True,True,True,,Yahoo/pilot,data/raw/yahoo/FWRG.parquet,True,1.0,0.20656235824391,2021-12-27,0.20656235824391
PYXS_20211001,PYXS,"Pyxis Oncology, Inc.",2021-10-01,,16.0,True,True,False,False,False,missing_positive_proceeds;incomplete_prices;incomplete_volume,Yahoo/pilot,data/raw/yahoo/PYXS.parquet,False,1.0,,2021-12-27,
TDCX_20211001,TDCX,"TDCX, Inc.",2021-10-01,348461226.0,18.0,True,True,False,False,False,missing_split_unit_validation;incomplete_prices;incomplete_volume,Yahoo/pilot,data/raw/yahoo/TDCX.parquet,False,1.0,,2021-12-27,
ARTE_20210930,ARTE,Artemis Strategic Investment Corporation,2021-09-30,,10.0,True,True,False,False,False,missing_positive_proceeds;incomplete_prices;incomplete_volume,Yahoo/pilot,data/raw/yahoo/ARTE.parquet,False,1.0,,2021-12-23,
OLPX_20210930,OLPX,"Olaplex Holdings, Inc.",2021-09-30,1547700000.0,21.0,True,True,False,False,False,missing_split_unit_validation;incomplete_prices;incomplete_volume,Yahoo/pilot,data/raw/yahoo/OLPX.parquet,False,1.0,,2021-12-23,
MEKA_20210929,MEKA,MELI Kaszek Pioneer Corp.,2021-09-29,250000000.0,10.0,False,True,False,False,False,blank_check_company;incomplete_prices;incomplete_volume,Yahoo/pilot,data/raw/yahoo/MEKA.parquet,False,1.0,,2021-12-22,
WRBY_20210929,WRBY,Warby Parker Inc.,2021-09-29,3109677680.0,40.0,False,True,True,True,False,direct_listing_no_comparable_proceeds,Yahoo/pilot,data/raw/yahoo/WRBY.parquet,False,1.0,,2021-12-22,0.309137775284278
AMPL_20210928,AMPL,"Amplitude, Inc.",2021-09-28,1238943615.0,35.0,False,True,True,True,False,direct_listing_no_comparable_proceeds,Yahoo/pilot,data/raw/yahoo/AMPL.parquet,False,1.0,,2021-12-21,0.4483421185423032
CWAN_20210924,CWAN,"Clearwater Analytics Holdings, Inc.",2021-09-24,540000000.0,18.0,True,True,False,False,False,missing_split_unit_validation;incomplete_prices;incomplete_volume,Yahoo/pilot,data/raw/yahoo/CWAN.parquet,False,1.0,,2021-12-17,
HLTHQ_20210924,HLTHQ,Cue Health Inc.,2021-09-24,,,True,True,True,True,False,missing_positive_proceeds;missing_positive_offer_price,Yahoo/pilot,data/raw/yahoo/HLTHQ.parquet,False,1.0,,2021-12-17,
ARBK_20210923,ARBK,Argo Blockchain plc,2021-09-23,112500000.0,15.0,True,True,True,True,True,,Yahoo/pilot,data/raw/yahoo/ARBK.parquet,True,0.0046296296296296,0.1103480571688654,2021-12-16,0.1103480571688654
BRLT_20210923,BRLT,"Brilliant Earth Group, Inc.",2021-09-23,99999996.0,12.0,True,True,True,True,True,,Yahoo/pilot,data/raw/yahoo/BRLT.parquet,True,1.0,0.355340769946237,2021-12-16,0.355340769946237
ESMT_20210923,ESMT,"EngageSmart, Inc.",2021-09-23,378300000.0,26.0,True,True,False,False,False,missing_split_unit_validation;incomplete_prices;incomplete_volume,Yahoo/pilot,data/raw/yahoo/ESMT.parquet,False,1.0,,2021-12-16,
RELY_20210923,RELY,"Remitly Global, Inc.",2021-09-23,522999411.0,43.0,True,True,True,True,True,,Yahoo/pilot,data/raw/yahoo/RELY.parquet,True,1.0,0.119332238390157,2021-12-16,0.119332238390157
SOVO_20210923,SOVO,"Sovos Brands, Inc.",2021-09-23,280008000.0,12.0,True,True,False,False,False,missing_split_unit_validation;incomplete_prices;incomplete_volume,Yahoo/pilot,data/raw/yahoo/SOVO.parquet,False,1.0,,2021-12-16,
STER_20210923,STER,Sterling Check Corp.,2021-09-23,328555000.0,23.0,True,True,False,False,False,missing_split_unit_validation;incomplete_prices;incomplete_volume,Yahoo/pilot,data/raw/yahoo/STER.parquet,False,1.0,,2021-12-16,
THRN_20210923,THRN,"Thorne HealthTech, Inc.",2021-09-23,70000000.0,10.0,True,True,False,False,False,missing_split_unit_validation;incomplete_prices;incomplete_volume,Yahoo/pilot,data/raw/yahoo/THRN.parquet,False,1.0,,2021-12-16,
AKA_20210922,AKA,a.k.a. Brands Holding Corp.,2021-09-22,110000000.0,11.0,True,True,True,True,True,,Yahoo/pilot,data/raw/yahoo/AKA.parquet,True,0.0833333333333333,-0.0963107030490033,2021-12-15,-0.0963107030490033
FRSH_20210922,FRSH,Freshworks Inc.,2021-09-22,1026000000.0,36.0,True,True,True,True,True,,Yahoo/pilot,data/raw/yahoo/FRSH.parquet,True,1.0,0.2782628344902954,2021-12-15,0.2782628344902954
TOST_20210922,TOST,"Toast, Inc.",2021-09-22,869565240.0,40.0,True,True,True,True,True,,Yahoo/pilot,data/raw/yahoo/TOST.parquet,True,1.0,0.4464470629786118,2021-12-15,0.4464470629786118
VBNK_20210922,VBNK,VersaBank,2021-09-22,,10.0,True,True,True,True,False,missing_positive_proceeds,Yahoo/pilot,data/raw/yahoo/VBNK.parquet,False,1.0,,2021-12-15,0.048790164169432
ACT_20210916,ACT,"Enact Holdings, Inc.",2021-09-16,252897600.0,19.0,True,True,True,True,True,,Yahoo/pilot,data/raw/yahoo/ACT.parquet,True,1.0,0.0754979719139513,2021-12-09,0.0754979719139513
FORG_20210916,FORG,"ForgeRock, Inc.",2021-09-16,275000000.0,25.0,True,True,False,False,False,missing_split_unit_validation;incomplete_prices;incomplete_volume,Yahoo/pilot,data/raw/yahoo/FORG.parquet,False,1.0,,2021-12-09,
BROS_20210915,BROS,Dutch Bros Inc.,2021-09-15,484210536.0,23.0,True,True,True,True,True,,Yahoo/pilot,data/raw/yahoo/BROS.parquet,True,1.0,0.4667374397790647,2021-12-08,0.4667374397790647
DH_20210915,DH,Definitive Healthcare Corp.,2021-09-15,419999985.0,27.0,True,True,True,True,True,,Yahoo/pilot,data/raw/yahoo/DH.parquet,True,1.0,0.4720848165982627,2021-12-08,0.4720848165982627
DICE_20210915,DICE,"DICE Therapeutics, Inc.",2021-09-15,204000000.0,17.0,True,True,False,False,False,missing_split_unit_validation;incomplete_prices;incomplete_volume,Yahoo/pilot,data/raw/yahoo/DICE.parquet,False,1.0,,2021-12-08,
EZFL_20210915,EZFL,"EzFill Holdings, Inc.",2021-09-15,25000000.0,4.0,True,True,False,False,False,missing_split_unit_validation;incomplete_prices;incomplete_volume,Yahoo/pilot,data/raw/yahoo/EZFL.parquet,False,1.0,,2021-12-08,
KTTA_20210915,KTTA,Pasithea Therapeutics Corp.,2021-09-15,24000000.0,5.0,True,True,True,True,True,,Yahoo/pilot,data/raw/yahoo/KTTA.parquet,True,0.05,-0.3396774104319291,2021-12-08,-0.3396774104319291
ONON_20210915,ONON,On Holding AG,2021-09-15,746400000.0,24.0,True,True,True,True,True,,Yahoo/pilot,data/raw/yahoo/ONON.parquet,True,1.0,0.377294231141468,2021-12-08,0.377294231141468
PRCT_20210915,PRCT,PROCEPT BioRobotics Corporation,2021-09-15,163900000.0,25.0,True,True,True,True,True,,Yahoo/pilot,data/raw/yahoo/PRCT.parquet,True,1.0,0.5173641678613901,2021-12-08,0.5173641678613901
TWKS_20210915,TWKS,"Thoughtworks Holding, Inc.",2021-09-15,773684226.0,21.0,True,True,False,False,False,missing_split_unit_validation;incomplete_prices;incomplete_volume,Yahoo/pilot,data/raw/yahoo/TWKS.parquet,False,1.0,,2021-12-08,
TYRA_20210915,TYRA,"Tyra Biosciences, Inc.",2021-09-15,172800000.0,16.0,True,True,True,True,True,,Yahoo/pilot,data/raw/yahoo/TYRA.parquet,True,1.0,0.4855078157817008,2021-12-08,0.4855078157817008
SRAD_20210914,SRAD,Sportradar Group AG,2021-09-14,513000000.0,27.0,True,True,True,True,True,,Yahoo/pilot,data/raw/yahoo/SRAD.parquet,True,1.0,-0.0749630689301205,2021-12-07,-0.0749630689301205
FHLT_20210910,FHLT,Future Health ESG Corp.,2021-09-10,,10.0,True,True,False,False,False,missing_positive_proceeds;incomplete_prices;incomplete_volume,Yahoo/pilot,data/raw/yahoo/FHLT.parquet,False,1.0,,2021-12-03,
SLVR_20210910,SLVR,"SilverSPAC, Inc.",2021-09-10,,10.0,True,True,False,False,False,missing_positive_proceeds;incomplete_prices;incomplete_volume,Yahoo/pilot,data/raw/yahoo/SLVR.parquet,False,1.0,,2021-12-03,
GIPR_20210902,GIPR,"Generation Income Properties, Inc.",2021-09-02,,10.0,True,True,True,False,False,missing_positive_proceeds;incomplete_volume;unverified_nasdaq_adjustment,Nasdaq/historical,data/raw/check2/recovered_nasdaq_GIPR_20210902.parquet,False,1.0,,2021-11-26,-2.3025850929940455
DDI_20210831,DDI,"DoubleDown Interactive Co., Ltd.",2021-08-31,113688000.0,18.0,True,True,True,True,True,,Yahoo/pilot,data/raw/yahoo/DDI.parquet,True,1.0,-0.0139862419747398,2021-11-23,-0.0139862419747398
CIRC_20210827,CIRC,"Circle8 Group, Inc.",2021-08-27,,,True,True,True,True,False,missing_positive_proceeds;missing_positive_offer_price,Yahoo/pilot,data/raw/yahoo/CIRC.parquet,False,1.0,,2021-11-19,
RNXT_20210826,RNXT,"RenovoRx, Inc.",2021-08-26,16650000.0,9.0,True,True,True,True,True,,Yahoo/pilot,data/raw/yahoo/RNXT.parquet,True,1.0,-0.2148447169730914,2021-11-18,-0.2148447169730914
SWSS_20210826,SWSS,Springwater Special Situations Corp.,2021-08-26,,10.0,True,True,False,False,False,missing_positive_proceeds;incomplete_prices;incomplete_volume,Yahoo/pilot,data/raw/yahoo/SWSS.parquet,False,1.0,,2021-11-18,
CENQ_20210813,CENQ,CENAQ Energy Corp.,2021-08-13,,10.0,True,True,False,False,False,missing_positive_proceeds;incomplete_prices;incomplete_volume,Yahoo/pilot,data/raw/yahoo/CENQ.parquet,False,1.0,,2021-11-05,
DRMA_20210813,DRMA,"Dermata Therapeutics, Inc.",2021-08-13,17999996.0,7.0,True,True,True,True,True,,Yahoo/pilot,data/raw/yahoo/DRMA.parquet,True,0.0004166666666666,-0.299176451877516,2021-11-05,-0.299176451877516
MYSE_20210813,MYSE,"Myseum.AI, Inc.",2021-08-13,,,True,True,True,True,False,missing_positive_proceeds;missing_positive_offer_price,Yahoo/pilot,data/raw/yahoo/MYSE.parquet,False,1.0,,2021-11-05,
SSBK_20210812,SSBK,"Southern States Bancshares, Inc.",2021-08-12,38000000.0,19.0,True,True,False,False,False,missing_split_unit_validation;incomplete_prices;incomplete_volume,Yahoo/pilot,data/raw/yahoo/SSBK.parquet,False,1.0,,2021-11-04,
ASPA_20210810,ASPA,"Abri SPAC I, Inc.",2021-08-10,,10.0,True,True,False,False,False,missing_positive_proceeds;incomplete_prices;incomplete_volume,Yahoo/pilot,data/raw/yahoo/ASPA.parquet,False,1.0,,2021-11-02,
CLYM_20210810,CLYM,"Climb Bio, Inc.",2021-08-10,,,True,True,True,True,False,missing_positive_proceeds;missing_positive_offer_price,Yahoo/pilot,data/raw/yahoo/CLYM.parquet,False,1.0,,2021-11-02,
ELYM_20210810,ELYM,"Eliem Therapeutics, Inc.",2021-08-10,80000000.0,12.5,True,True,False,False,False,missing_split_unit_validation;incomplete_prices;incomplete_volume,Yahoo/pilot,data/raw/yahoo/ELYM.parquet,False,1.0,,2021-11-02,
IVVD_20210806,IVVD,"Invivyd, Inc.",2021-08-06,,17.0,True,True,True,True,False,missing_positive_proceeds,Yahoo/pilot,data/raw/yahoo/IVVD.parquet,False,1.0,,2021-10-29,0.2055783787650506
EWCZ_20210805,EWCZ,"European Wax Center, Inc.",2021-08-05,180200000.0,17.0,True,True,False,False,False,missing_split_unit_validation;incomplete_prices;incomplete_volume,Yahoo/pilot,data/raw/yahoo/EWCZ.parquet,False,1.0,,2021-10-28,
WEBR_20210805,WEBR,"Weber, Inc.",2021-08-05,250000002.0,14.0,True,True,False,False,False,missing_split_unit_validation;incomplete_prices;incomplete_volume,Yahoo/pilot,data/raw/yahoo/WEBR.parquet,False,1.0,,2021-10-28,
DOLE_20210730,DOLE,Dole plc,2021-07-30,400000000.0,16.0,True,True,True,True,True,,Yahoo/pilot,data/raw/yahoo/DOLE.parquet,True,1.0,-0.0984400728132525,2021-10-22,-0.0984400728132525
IMRX_20210730,IMRX,Immuneering Corporation,2021-07-30,112500000.0,15.0,True,True,True,True,True,,Yahoo/pilot,data/raw/yahoo/IMRX.parquet,True,1.0,0.159280366321952,2021-10-22,0.159280366321952
INAB_20210730,INAB,"IN8bio, Inc.",2021-07-30,40000000.0,10.0,True,True,True,True,True,,Yahoo/pilot,data/raw/yahoo/INAB.parquet,True,0.0333333333333333,0.0,2021-10-22,0.0
MXCT_20210730,MXCT,"MaxCyte, Inc.",2021-07-30,175500000.0,13.0,True,True,True,True,True,,Yahoo/pilot,data/raw/yahoo/MXCT.parquet,True,1.0,0.2682639865946793,2021-10-22,0.2682639865946793
OMGA_20210730,OMGA,"Omega Therapeutics, Inc.",2021-07-30,125800000.0,17.0,True,True,False,False,False,missing_split_unit_validation;incomplete_prices;incomplete_volume,Yahoo/pilot,data/raw/yahoo/OMGA.parquet,False,1.0,,2021-10-22,
RANI_20210730,RANI,"Rani Therapeutics Holdings, Inc.",2021-07-30,73333337.0,11.0,True,True,True,True,True,,Yahoo/pilot,data/raw/yahoo/RANI.parquet,True,1.0,0.0,2021-10-22,0.0
RXST_20210730,RXST,"RxSight, Inc.",2021-07-30,117600000.0,16.0,True,True,True,True,True,,Yahoo/pilot,data/raw/yahoo/RXST.parquet,True,1.0,0.0,2021-10-22,0.0
TNYA_20210730,TNYA,"Tenaya Therapeutics, Inc.",2021-07-30,180000000.0,15.0,True,True,True,True,True,,Yahoo/pilot,data/raw/yahoo/TNYA.parquet,True,1.0,0.0230652977824438,2021-10-22,0.0230652977824438
COOK_20210729,COOK,"Traeger, Inc.",2021-07-29,423529398.0,18.0,True,True,True,True,True,,Yahoo/pilot,data/raw/yahoo/COOK.parquet,True,0.02,0.2006706954621512,2021-10-21,0.2006706954621512
HOOD_20210729,HOOD,"Robinhood Markets, Inc.",2021-07-29,2090000000.0,38.0,True,True,True,True,True,,Yahoo/pilot,data/raw/yahoo/HOOD.parquet,True,1.0,-0.0873942341507248,2021-10-21,-0.0873942341507248
ICVX_20210729,ICVX,"Icosavax, Inc.",2021-07-29,181999995.0,15.0,True,True,False,False,False,missing_split_unit_validation;incomplete_prices;incomplete_volume,Yahoo/pilot,data/raw/yahoo/ICVX.parquet,False,1.0,,2021-10-21,
NUVL_20210729,NUVL,"Nuvalent, Inc.",2021-07-29,155550000.0,17.0,True,True,False,False,False,missing_split_unit_validation;incomplete_prices;incomplete_volume,Yahoo/pilot,data/raw/yahoo/NUVL.parquet,False,1.0,,2021-10-21,
RLYB_20210729,RLYB,Rallybio Corporation,2021-07-29,80600000.0,13.0,True,True,True,True,True,,Yahoo/pilot,data/raw/yahoo/RLYB.parquet,True,0.125,0.0812254669771759,2021-10-21,0.0812254669771759
RSKD_20210729,RSKD,Riskified Ltd.,2021-07-29,367500000.0,21.0,True,True,True,True,True,,Yahoo/pilot,data/raw/yahoo/RSKD.parquet,True,1.0,0.2135741002980591,2021-10-21,0.2135741002980591
DUOL_20210728,DUOL,"Duolingo, Inc.",2021-07-28,520823526.0,102.0,True,True,True,True,True,,Yahoo/pilot,data/raw/yahoo/DUOL.parquet,True,1.0,0.2747681997287106,2021-10-20,0.2747681997287106
MLNK_20210728,MLNK,"MeridianLink, Inc.",2021-07-28,343200000.0,26.0,True,True,False,False,False,missing_split_unit_validation;incomplete_prices;incomplete_volume,Yahoo/pilot,data/raw/yahoo/MLNK.parquet,False,1.0,,2021-10-20,
PWSC_20210728,PWSC,"PowerSchool Holdings, Inc.",2021-07-28,710526330.0,18.0,True,True,False,False,False,missing_split_unit_validation;incomplete_prices;incomplete_volume,Yahoo/pilot,data/raw/yahoo/PWSC.parquet,False,1.0,,2021-10-20,
SNPO_20210728,SNPO,Snap One Holdings Corp.,2021-07-28,249300000.0,18.0,True,True,False,False,False,missing_split_unit_validation;incomplete_prices;incomplete_volume,Yahoo/pilot,data/raw/yahoo/SNPO.parquet,False,1.0,,2021-10-20,
CADL_20210727,CADL,"Candel Therapeutics, Inc.",2021-07-27,72000000.0,8.0,True,True,True,True,True,,Yahoo/pilot,data/raw/yahoo/CADL.parquet,True,1.0,-0.1335313926245226,2021-10-19,-0.1335313926245226
CNM_20210723,CNM,"Core & Main, Inc.",2021-07-23,697674420.0,20.0,True,True,True,True,True,,Yahoo/pilot,data/raw/yahoo/CNM.parquet,True,1.0,0.1697428067786321,2021-10-15,0.1697428067786321
CRBU_20210723,CRBU,"Caribou Biosciences, Inc.",2021-07-23,304000000.0,16.0,True,True,True,True,True,,Yahoo/pilot,data/raw/yahoo/CRBU.parquet,True,1.0,0.0198026085966831,2021-10-15,0.0198026085966831
CTKB_20210723,CTKB,"Cytek Biosciences, Inc.",2021-07-23,247598795.0,17.0,True,True,True,True,True,,Yahoo/pilot,data/raw/yahoo/CTKB.parquet,True,1.0,0.0985136117223866,2021-10-15,0.0985136117223866
GRSD_20210723,GRSD,Grandstand Limited,2021-07-23,,,True,True,True,True,False,missing_positive_proceeds;missing_positive_offer_price,Yahoo/pilot,data/raw/yahoo/GRSD.parquet,False,1.0,,2021-10-15,
OB_20210723,OB,"Outbrain, Inc.",2021-07-23,160000000.0,20.0,True,True,False,False,False,missing_split_unit_validation;incomplete_prices;incomplete_volume,Yahoo/pilot,data/raw/yahoo/OB.parquet,False,1.0,,2021-10-15,
SOPH_20210723,SOPH,SOPHiA GENETICS SA,2021-07-23,234000000.0,18.0,True,True,True,True,True,,Yahoo/pilot,data/raw/yahoo/SOPH.parquet,True,1.0,-0.0713766491857937,2021-10-15,-0.0713766491857937
XPOF_20210723,XPOF,"Xponential Fitness, Inc.",2021-07-23,120000000.0,12.0,True,True,True,True,True,,Yahoo/pilot,data/raw/yahoo/XPOF.parquet,True,1.0,0.0206192872027356,2021-10-15,0.0206192872027356
ABSI_20210722,ABSI,Absci Corporation,2021-07-22,200000000.0,16.0,True,True,True,True,True,,Yahoo/pilot,data/raw/yahoo/ABSI.parquet,True,1.0,0.2996415293544609,2021-10-14,0.2996415293544609
BASE_20210722,BASE,"Couchbase, Inc.",2021-07-22,200139120.0,24.0,True,True,False,False,False,missing_split_unit_validation;incomplete_prices;incomplete_volume,Yahoo/pilot,data/raw/yahoo/BASE.parquet,False,1.0,,2021-10-14,
INST_20210722,INST,"Instructure Holdings, Inc.",2021-07-22,250000000.0,20.0,True,True,False,False,False,missing_split_unit_validation;incomplete_prices;incomplete_volume,Yahoo/pilot,data/raw/yahoo/INST.parquet,False,1.0,,2021-10-14,
RYAN_20210722,RYAN,"Ryan Specialty Holdings, Inc.",2021-07-22,1337579533.0,23.5,True,True,True,True,True,,Yahoo/pilot,data/raw/yahoo/RYAN.parquet,True,1.0,0.1571855835224123,2021-10-14,0.1571855835224123
ZENV_20210722,ZENV,"Zenvia, Inc.",2021-07-22,150000006.0,13.0,True,True,False,False,False,missing_split_unit_validation;incomplete_prices;incomplete_volume,Yahoo/pilot,data/raw/yahoo/ZENV.parquet,False,1.0,,2021-10-14,
ZVIA_20210722,ZVIA,Zevia PBC,2021-07-22,149800000.0,14.0,True,True,True,True,True,,Yahoo/pilot,data/raw/yahoo/ZVIA.parquet,True,1.0,-0.0253178359307903,2021-10-14,-0.0253178359307903
KLTR_20210721,KLTR,"Kaltura, Inc.",2021-07-21,150000000.0,10.0,True,True,True,True,True,,Yahoo/pilot,data/raw/yahoo/KLTR.parquet,True,1.0,0.1823215567939546,2021-10-13,0.1823215567939546
LAW_20210721,LAW,"CS Disco, Inc.",2021-07-21,224000000.0,32.0,True,True,True,True,True,,Yahoo/pilot,data/raw/yahoo/LAW.parquet,True,1.0,0.2478361639045812,2021-10-13,0.2478361639045812
PYCR_20210721,PYCR,"Paycor HCM, Inc.",2021-07-21,425500000.0,23.0,True,True,False,False,False,missing_split_unit_validation;incomplete_prices;incomplete_volume,Yahoo/pilot,data/raw/yahoo/PYCR.parquet,False,1.0,,2021-10-13,
VEEE_20210721,VEEE,Twin Vee Powercats Co.,2021-07-21,18000000.0,6.0,True,True,True,True,True,,Yahoo/pilot,data/raw/yahoo/VEEE.parquet,True,0.0027027027027027,0.221809345920286,2021-10-13,0.221809345920286
VTEX_20210721,VTEX,VTEX,2021-07-21,361000000.0,19.0,True,True,True,True,True,,Yahoo/pilot,data/raw/yahoo/VTEX.parquet,True,1.0,0.1547520165148327,2021-10-13,0.1547520165148327
HCWB_20210720,HCWB,HCW Biologics Inc.,2021-07-20,56000000.0,8.0,True,True,True,True,True,,Yahoo/pilot,data/raw/yahoo/HCWB.parquet,True,0.0041666666666666,-0.2388919082823489,2021-10-12,-0.2388919082823489
BLND_20210716,BLND,"Blend Labs, Inc.",2021-07-16,360000000.0,18.0,True,True,True,True,True,,Yahoo/pilot,data/raw/yahoo/BLND.parquet,True,1.0,0.1493773828224604,2021-10-08,0.1493773828224604
BRDG_20210716,BRDG,"Bridge Investment Group Holdings, Inc.",2021-07-16,300000000.0,16.0,True,True,False,False,False,missing_split_unit_validation;incomplete_prices;incomplete_volume,Yahoo/pilot,data/raw/yahoo/BRDG.parquet,False,1.0,,2021-10-08,
ERAS_20210716,ERAS,"Erasca, Inc.",2021-07-16,300000000.0,16.0,True,True,True,True,True,,Yahoo/pilot,data/raw/yahoo/ERAS.parquet,True,1.0,0.0856041548007988,2021-10-08,0.0856041548007988
IMGO_20210716,IMGO,"Imago BioSciences, Inc.",2021-07-16,134400000.0,16.0,True,True,False,False,False,missing_split_unit_validation;incomplete_prices;incomplete_volume,Yahoo/pilot,data/raw/yahoo/IMGO.parquet,False,1.0,,2021-10-08,
STVN_20210716,STVN,Stevanato Group S.p.A.,2021-07-16,672000000.0,21.0,True,True,True,True,True,,Yahoo/pilot,data/raw/yahoo/STVN.parquet,True,1.0,-0.0654278014437595,2021-10-08,-0.0654278014437595
TCRX_20210716,TCRX,"TScan Therapeutics, Inc.",2021-07-16,100000005.0,15.0,True,True,True,True,True,,Yahoo/pilot,data/raw/yahoo/TCRX.parquet,True,1.0,-0.3566749439387324,2021-10-08,-0.3566749439387324
FXLV_20210715,FXLV,"F45 Training Holdings, Inc.",2021-07-15,325000000.0,16.0,True,True,False,False,False,missing_split_unit_validation;incomplete_prices;incomplete_volume,Yahoo/pilot,data/raw/yahoo/FXLV.parquet,False,1.0,,2021-10-07,
PECO_20210715,PECO,"Phillips Edison & Company, Inc.",2021-07-15,476000000.0,28.0,True,True,True,True,True,,Yahoo/pilot,data/raw/yahoo/PECO.parquet,True,1.0,-0.0060899373788326,2021-10-07,-0.0060899373788326
RPID_20210715,RPID,"Rapid Micro Biosystems, Inc.",2021-07-15,158400000.0,20.0,True,True,True,True,True,,Yahoo/pilot,data/raw/yahoo/RPID.parquet,True,1.0,0.0676586306481265,2021-10-07,0.0676586306481265
SERA_20210715,SERA,"Sera Prognostics, Inc.",2021-07-15,75000000.0,16.0,True,True,True,True,True,,Yahoo/pilot,data/raw/yahoo/SERA.parquet,True,1.0,-0.2960503541785776,2021-10-07,-0.2960503541785776
SGHT_20210715,SGHT,"Sight Sciences, Inc.",2021-07-15,240000000.0,24.0,True,True,True,True,True,,Yahoo/pilot,data/raw/yahoo/SGHT.parquet,True,1.0,0.3334916084830751,2021-10-07,0.3334916084830751
SHCO_20210715,SHCO,Soho House & Co Inc.,2021-07-15,,,True,True,False,False,False,missing_positive_proceeds;missing_positive_offer_price;incomplete_prices;incomplete_volume,Yahoo/pilot,data/raw/yahoo/SHCO.parquet,False,1.0,,2021-10-07,
QTEX_20210714,QTEX,QTREX Quantum Ltd.,2021-07-14,,,True,True,True,True,False,missing_positive_proceeds;missing_positive_offer_price,Yahoo/pilot,data/raw/yahoo/QTEX.parquet,False,1.0,,2021-10-06,
UNCY_20210713,UNCY,"Unicycive Therapeutics, Inc.",2021-07-13,25000000.0,5.0,True,True,True,True,True,,Yahoo/pilot,data/raw/yahoo/UNCY.parquet,True,0.1,0.1570037488096649,2021-10-05,0.1570037488096649
RNAZ_20210709,RNAZ,"TransCode Therapeutics, Inc.",2021-07-09,25000000.0,4.0,True,True,True,True,True,,Yahoo/pilot,data/raw/yahoo/RNAZ.parquet,True,1.352813852813853e-06,0.2795238847503176,2021-10-01,0.2795238847503176
SNTG_20210709,SNTG,Sentage Holdings Inc.,2021-07-09,20000000.0,5.0,True,True,True,True,True,,Yahoo/pilot,data/raw/yahoo/SNTG.parquet,True,0.2,1.9427623252709865,2021-10-01,1.9427623252709865
AVX_20210708,AVX,Avax One Technology Ltd.,2021-07-08,,,True,True,True,True,False,missing_positive_proceeds;missing_positive_offer_price,Yahoo/pilot,data/raw/yahoo/AVX.parquet,False,1.0,,2021-09-30,
MITQ_20210708,MITQ,"Moving iMage Technologies, Inc.",2021-07-08,12600000.0,3.0,True,True,True,True,True,,Yahoo/pilot,data/raw/yahoo/MITQ.parquet,True,1.0,2.0794415416798357,2021-09-30,2.0794415416798357
NYXH_20210702,NYXH,Nyxoah SA,2021-07-02,85050000.0,30.0,True,True,True,True,True,,Yahoo/pilot,data/raw/yahoo/NYXH.parquet,True,1.0,0.003659981102213,2021-09-27,0.003659981102213
ABOS_20210701,ABOS,"Acumen Pharmaceuticals, Inc.",2021-07-01,159999984.0,16.0,True,True,True,True,True,,Yahoo/pilot,data/raw/yahoo/ABOS.parquet,True,1.0,0.228131111803842,2021-09-24,0.228131111803842
BTLN_20210701,BTLN,"Brightline Interactive, Inc.",2021-07-01,,,True,True,True,True,False,missing_positive_proceeds;missing_positive_offer_price,Yahoo/pilot,data/raw/yahoo/BTLN.parquet,False,1.0,,2021-09-24,
CURV_20210701,CURV,Torrid Holdings Inc.,2021-07-01,231000000.0,21.0,True,True,True,True,True,,Yahoo/pilot,data/raw/yahoo/CURV.parquet,True,1.0,0.1397619265793107,2021-09-24,0.1397619265793107
DNUT_20210701,DNUT,"Krispy Kreme, Inc.",2021-07-01,500000005.0,17.0,True,True,True,True,True,,Yahoo/pilot,data/raw/yahoo/DNUT.parquet,True,1.0,0.2113090936672069,2021-09-24,0.2113090936672069
EVCM_20210701,EVCM,EverCommerce Inc.,2021-07-01,325000016.0,17.0,True,True,True,True,True,,Yahoo/pilot,data/raw/yahoo/EVCM.parquet,True,1.0,0.0346855796623061,2021-09-24,0.0346855796623061
FICV_20210701,FICV,Frontier Investment Corp.,2021-07-01,,10.0,True,True,False,False,False,missing_positive_proceeds;incomplete_prices;incomplete_volume,Yahoo/pilot,data/raw/yahoo/FICV.parquet,False,1.0,,2021-09-24,
HEPS_20210701,HEPS,D-Market Elektronik Hizmetler ve Ticaret A.S.,2021-07-01,680880000.0,12.0,True,True,True,True,True,,Yahoo/pilot,data/raw/yahoo/HEPS.parquet,True,1.0,0.1125843834705842,2021-09-24,0.1125843834705842
WAVE_20210701,WAVE,Eco Wave Power Global AB (publ),2021-07-01,8000000.0,8.0,True,True,True,True,True,,Yahoo/pilot,data/raw/yahoo/WAVE.parquet,True,1.0,0.3047235734651322,2021-09-24,0.3047235734651322
AVTE_20210630,AVTE,"Aerovate Therapeutics, Inc.",2021-06-30,121549988.0,14.0,True,True,False,False,False,missing_split_unit_validation;incomplete_prices;incomplete_volume,Yahoo/pilot,data/raw/yahoo/AVTE.parquet,False,1.0,,2021-09-23,
CPOP_20210630,CPOP,"Pop Culture Group Co., Ltd",2021-06-30,37200000.0,6.0,True,True,True,True,True,,Yahoo/pilot,data/raw/yahoo/CPOP.parquet,True,0.1,3.9219733362813143,2021-09-23,3.9219733362813143
CVRX_20210630,CVRX,"CVRx, Inc.",2021-06-30,126000000.0,18.0,True,True,True,True,True,,Yahoo/pilot,data/raw/yahoo/CVRX.parquet,True,1.0,0.4418327522790392,2021-09-23,0.4418327522790392
DIDIY_20210630,DIDIY,DiDi Global Inc.,2021-06-30,,14.0,True,True,True,True,False,missing_positive_proceeds,Yahoo/pilot,data/raw/yahoo/DIDIY.parquet,False,1.0,,2021-09-23,0.009950355133419
IAS_20210630,IAS,Integral Ad Science Holding Corp.,2021-06-30,270000000.0,18.0,True,True,False,False,False,missing_split_unit_validation;incomplete_prices;incomplete_volume,Yahoo/pilot,data/raw/yahoo/IAS.parquet,False,1.0,,2021-09-23,
INTA_20210630,INTA,"Intapp, Inc.",2021-06-30,273000000.0,26.0,True,True,True,True,True,,Yahoo/pilot,data/raw/yahoo/INTA.parquet,True,1.0,0.0741079721537218,2021-09-23,0.0741079721537218
LZ_20210630,LZ,"LegalZoom.com, Inc.",2021-06-30,535388000.0,28.0,True,True,True,True,True,,Yahoo/pilot,data/raw/yahoo/LZ.parquet,True,1.0,0.3014264293944114,2021-09-23,0.3014264293944114
S_20210630,S,"SentinelOne, Inc.",2021-06-30,1225000000.0,35.0,True,True,True,True,True,,Yahoo/pilot,data/raw/yahoo/S.parquet,True,1.0,0.1941560144409574,2021-09-23,0.1941560144409574
XMTR_20210630,XMTR,"Xometry, Inc.",2021-06-30,302500000.0,44.0,True,True,True,True,True,,Yahoo/pilot,data/raw/yahoo/XMTR.parquet,True,1.0,0.6861912187369652,2021-09-23,0.6861912187369652
YOU_20210630,YOU,"Clear Secure, Inc.",2021-06-30,409200000.0,31.0,True,True,True,True,True,,Yahoo/pilot,data/raw/yahoo/YOU.parquet,True,1.0,0.25489224962879,2021-09-23,0.25489224962879
DDL_20210629,DDL,Dingdong (Cayman) Limited,2021-06-29,95692000.0,23.5,True,True,True,True,True,,Yahoo/pilot,data/raw/yahoo/DDL.parquet,True,1.0,0.0008507213430538,2021-09-22,0.0008507213430538
EOCW_20210629,EOCW,Elliott Opportunity II Corp.,2021-06-29,,10.0,True,True,False,False,False,missing_positive_proceeds;incomplete_prices;incomplete_volume,Yahoo/pilot,data/raw/yahoo/EOCW.parquet,False,1.0,,2021-09-22,
ACXP_20210625,ACXP,"Acurx Pharmaceuticals, Inc.",2021-06-25,15000000.0,6.0,True,True,True,True,True,,Yahoo/pilot,data/raw/yahoo/ACXP.parquet,True,0.05,0.2738366849691309,2021-09-20,0.2738366849691309
ELEV_20210625,ELEV,"Elevation Oncology, Inc.",2021-06-25,100000000.0,16.0,True,True,False,False,False,missing_split_unit_validation;incomplete_prices;incomplete_volume,Yahoo/pilot,data/raw/yahoo/ELEV.parquet,False,1.0,,2021-09-20,
GHRS_20210625,GHRS,GH Research PLC,2021-06-25,160000000.0,16.0,True,True,True,True,True,,Yahoo/pilot,data/raw/yahoo/GHRS.parquet,True,1.0,0.184922338494012,2021-09-20,0.184922338494012
GMVDF_20210625,GMVDF,G Medical Innovations Holdings Ltd.,2021-06-25,,5.0,True,True,True,True,False,missing_positive_proceeds,Yahoo/pilot,data/raw/yahoo/GMVDF.parquet,False,1.0,,2021-09-20,3.184284380098582
LENZ_20210625,LENZ,"LENZ Therapeutics, Inc.",2021-06-25,,17.0,True,True,True,True,False,missing_positive_proceeds,Yahoo/pilot,data/raw/yahoo/LENZ.parquet,False,1.0,,2021-09-20,2.030467537083376
MCW_20210625,MCW,"Mister Car Wash, Inc.",2021-06-25,562500000.0,15.0,True,True,False,False,False,missing_split_unit_validation;incomplete_prices;incomplete_volume,Yahoo/pilot,data/raw/yahoo/MCW.parquet,False,1.0,,2021-09-20,
MFLTF_20210625,MFLTF,Missfresh Limited,2021-06-25,,13.0,True,True,False,False,False,missing_positive_proceeds;incomplete_prices;incomplete_volume,Yahoo/pilot,data/raw/yahoo/MFLTF.parquet,False,1.0,,2021-09-20,
TKNO_20210625,TKNO,"Alpha Teknova, Inc.",2021-06-25,96000000.0,16.0,True,True,True,True,True,,Yahoo/pilot,data/raw/yahoo/TKNO.parquet,True,1.0,0.4462871026284195,2021-09-20,0.4462871026284195
BON_20210624,BON,Bon Natural Life Limited,2021-06-24,11000000.0,5.0,True,True,True,True,True,,Yahoo/pilot,data/raw/yahoo/BON.parquet,True,0.004,0.3646431135879092,2021-09-17,0.3646431135879092
CFLT_20210624,CFLT,"Confluent, Inc.",2021-06-24,828000000.0,36.0,True,True,False,False,False,missing_split_unit_validation;incomplete_prices;incomplete_volume,Yahoo/pilot,data/raw/yahoo/CFLT.parquet,False,1.0,,2021-09-17,
DOCS_20210624,DOCS,"Doximity, Inc.",2021-06-24,605800000.0,26.0,True,True,True,True,True,,Yahoo/pilot,data/raw/yahoo/DOCS.parquet,True,1.0,0.7121953755306397,2021-09-17,0.7121953755306397
GLUE_20210624,GLUE,"Monte Rosa Therapeutics, Inc.",2021-06-24,222300000.0,19.0,True,True,True,True,True,,Yahoo/pilot,data/raw/yahoo/GLUE.parquet,True,1.0,0.1086183754154969,2021-09-17,0.1086183754154969
MIRO_20210624,MIRO,Miro Popara A.D.,2021-06-24,43200000.0,9.0,True,True,False,False,False,missing_split_unit_validation;incomplete_prices;incomplete_volume,Yahoo/pilot,data/raw/yahoo/MIRO.parquet,False,1.0,,2021-09-17,
NEUE_20210624,NEUE,"NeueHealth, Inc.",2021-06-24,,18.0,True,True,False,False,False,missing_positive_proceeds;incomplete_prices;incomplete_volume,Yahoo/pilot,data/raw/yahoo/NEUE.parquet,False,1.0,,2021-09-17,
UPXI_20210624,UPXI,"Upexi, Inc.",2021-06-24,,5.0,True,True,True,True,False,missing_positive_proceeds,Yahoo/pilot,data/raw/yahoo/UPXI.parquet,False,1.0,,2021-09-17,3.109060958860994
CXM_20210623,CXM,"Sprinklr, Inc.",2021-06-23,266000000.0,16.0,True,True,True,True,True,,Yahoo/pilot,data/raw/yahoo/CXM.parquet,True,1.0,0.0953102014787409,2021-09-16,0.0953102014787409
FA_20210623,FA,First Advantage Corporation,2021-06-23,382500000.0,15.0,True,True,True,True,True,,Yahoo/pilot,data/raw/yahoo/FA.parquet,True,1.0,0.272568473369623,2021-09-16,0.272568473369623
YMM_20210622,YMM,Full Truck Alliance Co. Ltd.,2021-06-22,1567500000.0,19.0,True,True,False,False,False,missing_split_unit_validation;incomplete_prices;incomplete_volume,Yahoo/pilot,data/raw/yahoo/YMM.parquet,False,1.0,,2021-09-15,
AMAM_20210618,AMAM,"Ambrx Biopharma Cayman, Inc.",2021-06-18,126000000.0,18.0,True,True,False,False,False,missing_split_unit_validation;incomplete_prices;incomplete_volume,Yahoo/pilot,data/raw/yahoo/AMAM.parquet,False,1.0,,2021-09-13,
ATAI_20210618,ATAI,AtaiBeckley Inc.,2021-06-18,225000000.0,15.0,True,True,True,True,True,,Yahoo/pilot,data/raw/yahoo/ATAI.parquet,True,1.0,0.2597969081879233,2021-09-13,0.2597969081879233
COYA_20221229,COYA,"Coya Therapeutics, Inc.",2022-12-29,15250000.0,5.0,True,True,True,True,True,,Yahoo/pilot,data/raw/yahoo/COYA.parquet,True,1.0,-0.0899246699653232,2023-03-27,-0.0899246699653232
LIPO_20221220,LIPO,Lipella Pharmaceuticals Inc.,2022-12-20,6999998.0,5.75,True,True,True,True,True,,Yahoo/pilot,data/raw/yahoo/LIPO.parquet,True,0.125,-0.1995119386817877,2023-03-17,-0.1995119386817877
RAYA_20221214,RAYA,Erayak Power Solution Group Inc.,2022-12-14,12000000.0,4.0,True,True,True,True,True,,Yahoo/pilot,data/raw/yahoo/RAYA.parquet,True,0.0004545454545454,-0.1713816167556202,2023-03-13,-0.1713816167556202
JEWL_20221209,JEWL,Adamas One Corp.,2022-12-09,11025000.0,4.5,True,True,True,True,True,,Yahoo/pilot,data/raw/yahoo/JEWL.parquet,True,1.0,0.0519596906434027,2023-03-08,0.0519596906434027
ACRV_20221115,ACRV,"Acrivon Therapeutics, Inc.",2022-11-15,94375000.0,12.5,True,True,True,True,True,,Yahoo/pilot,data/raw/yahoo/ACRV.parquet,True,1.0,0.286080754405025,2023-02-10,0.286080754405025
ATAT_20221111,ATAT,Atour Lifestyle Holdings Limited,2022-11-11,52250000.0,11.0,True,True,True,True,True,,Yahoo/pilot,data/raw/yahoo/ATAT.parquet,True,1.0,0.1577804567630014,2023-02-08,0.1577804567630014
ASPI_20221110,ASPI,ASP Isotopes Inc.,2022-11-10,5000000.0,4.0,True,True,True,True,True,,Yahoo/pilot,data/raw/yahoo/ASPI.parquet,True,1.0,-0.4042158601332215,2023-02-07,-0.4042158601332215
SNAL_20221110,SNAL,"Snail, Inc.",2022-11-10,15000000.0,5.0,True,True,True,True,True,,Yahoo/pilot,data/raw/yahoo/SNAL.parquet,True,0.2,-0.7985076962177716,2023-02-07,-0.7985076962177716
MBLY_20221026,MBLY,Mobileye Global Inc.,2022-10-26,861000000.0,21.0,True,True,True,True,True,,Yahoo/pilot,data/raw/yahoo/MBLY.parquet,True,1.0,0.3217383503558851,2023-01-23,0.3217383503558851
PRME_20221020,PRME,"Prime Medicine, Inc.",2022-10-20,175000006.0,17.0,True,True,True,True,True,,Yahoo/pilot,data/raw/yahoo/PRME.parquet,True,1.0,-0.1007957939514447,2023-01-17,-0.1007957939514447
LASE_20220930,LASE,Laser Photonics Corporation,2022-09-30,15000000.0,5.0,True,True,True,True,True,,Yahoo/pilot,data/raw/yahoo/LASE.parquet,True,1.0,-0.6616485430718715,2022-12-23,-0.6616485430718715
NXU_20220927,NXU,"Nxu, Inc.",2022-09-27,,27.5,True,True,False,False,False,missing_positive_proceeds;incomplete_prices;incomplete_volume,Yahoo/pilot,data/raw/yahoo/NXU.parquet,False,1.0,,2022-12-20,
NXL_20220916,NXL,"Nexalin Technology, Inc.",2022-09-16,9607250.0,4.15,True,True,True,True,True,,Yahoo/pilot,data/raw/yahoo/NXL.parquet,True,0.0333333333333333,-0.6121781180262782,2022-12-09,-0.6121781180262782
CRBG_20220915,CRBG,"Corebridge Financial, Inc.",2022-09-15,1680000000.0,21.0,True,True,True,True,False,missing_split_unit_validation;unverified_nasdaq_adjustment,Nasdaq/historical,data/raw/check2/recovered_nasdaq_CRBG_20220915.parquet,False,1.0,,2022-12-08,-0.0129405112757347
THRD_20220915,THRD,"Third Harmonic Bio, Inc.",2022-09-15,185300000.0,17.0,True,True,False,False,False,missing_split_unit_validation;incomplete_prices;incomplete_volume,Yahoo/pilot,data/raw/yahoo/THRD.parquet,False,1.0,,2022-12-08,
WLDS_20220913,WLDS,Wearable Devices Ltd.,2022-09-13,15937500.0,4.25,True,True,True,True,True,,Yahoo/pilot,data/raw/yahoo/WLDS.parquet,True,0.0013888888888888,-0.3995999886557664,2022-12-06,-0.3995999886557664
VSTD_20220909,VSTD,Vestand Inc.,2022-09-09,,,True,True,True,True,False,missing_positive_proceeds;missing_positive_offer_price,Yahoo/pilot,data/raw/yahoo/VSTD.parquet,False,1.0,,2022-12-02,
BIAF_20220901,BIAF,"bioAffinity Technologies, Inc.",2022-09-01,7862338.0,6.125,True,True,True,True,True,,Yahoo/pilot,data/raw/yahoo/BIAF.parquet,True,0.0022222222222222,0.3038767583717616,2022-11-25,0.3038767583717616
SHPH_20220831,SHPH,"Shuttle Pharmaceuticals Holdings, Inc.",2022-08-31,9966469.0,8.125,True,True,True,True,True,,Yahoo/pilot,data/raw/yahoo/SHPH.parquet,True,0.0005,1.5551928975817046,2022-11-23,1.5551928975817046
HPCO_20220830,HPCO,"Hempacco Co., Inc.",2022-08-30,6000000.0,6.0,True,True,True,True,True,,Yahoo/pilot,data/raw/yahoo/HPCO.parquet,True,0.1,0.2597969081879233,2022-11-22,0.2597969081879233
JZ_20220826,JZ,Jianzhi Education Technology Group Company Limited,2022-08-26,25000000.0,5.0,True,True,True,True,True,,Yahoo/pilot,data/raw/yahoo/JZ.parquet,True,0.0011111111111111,1.3217558399823195,2022-11-18,1.3217558399823195
NEXR_20220826,NEXR,Nexera Technologies Ltd,2022-08-26,,,True,True,True,True,False,missing_positive_proceeds;missing_positive_offer_price,Yahoo/pilot,data/raw/yahoo/NEXR.parquet,False,1.0,,2022-11-18,
ONFO_20220826,ONFO,"Onfolio Holdings, Inc.",2022-08-26,13768750.0,5.0,True,True,True,True,True,,Yahoo/pilot,data/raw/yahoo/ONFO.parquet,True,0.02,-0.7339691750802004,2022-11-18,-0.7339691750802004
PXMD_20220826,PXMD,"PaxMedica, Inc.",2022-08-26,8113634.0,5.25,True,True,True,True,True,,Yahoo/pilot,data/raw/yahoo/PXMD.parquet,True,0.0588235294117647,-0.0669541201726499,2022-11-18,-0.0669541201726499
MOB_20220825,MOB,Mobilicom Limited,2022-08-25,11803540.0,4.13,True,True,True,True,True,,Yahoo/pilot,data/raw/yahoo/MOB.parquet,True,1.0,0.2810011711047595,2022-11-17,0.2810011711047595
STBX_20220823,STBX,Starbox Group Holdings Ltd.,2022-08-23,20000000.0,4.0,True,True,False,False,False,missing_split_unit_validation;incomplete_prices;incomplete_volume,Yahoo/pilot,data/raw/yahoo/STBX.parquet,False,1.0,,2022-11-15,
GCT_20220818,GCT,GigaCloud Technology Inc.,2022-08-18,36015000.0,12.25,True,True,True,True,True,,Yahoo/pilot,data/raw/yahoo/GCT.parquet,True,1.0,0.2474976030099921,2022-11-10,0.2474976030099921
LUCY_20220815,LUCY,"Lucyd, Inc",2022-08-15,7350000.0,7.5,True,True,True,True,True,,Yahoo/pilot,data/raw/yahoo/LUCY.parquet,True,0.05,-0.2416469969725063,2022-11-07,-0.2416469969725063
CHG_20220812,CHG,CorpHousing Group Inc.,2022-08-12,13500000.0,4.0,True,True,False,False,False,missing_split_unit_validation;incomplete_prices;incomplete_volume,Yahoo/pilot,data/raw/yahoo/CHG.parquet,False,1.0,,2022-11-04,
FRZA_20220812,FRZA,"Forza X1, Inc.",2022-08-12,15000000.0,5.0,True,True,False,False,False,missing_split_unit_validation;incomplete_prices;incomplete_volume,Yahoo/pilot,data/raw/yahoo/FRZA.parquet,False,1.0,,2022-11-04,
REBN_20220812,REBN,"Reborn Coffee, Inc.",2022-08-12,7200000.0,5.0,True,True,True,True,True,,Yahoo/pilot,data/raw/yahoo/REBN.parquet,True,0.125,-0.040821954783826,2022-11-04,-0.040821954783826
TGL_20220811,TGL,Treasure Global Inc.,2022-08-11,8000000.0,4.0,True,True,True,True,True,,Yahoo/pilot,data/raw/yahoo/TGL.parquet,True,1.4285714285714289e-05,1.4940270609227726,2022-11-03,1.4940270609227726
MEGL_20220805,MEGL,Magic Empire Global Limited,2022-08-05,20000000.0,4.0,True,True,True,True,True,,Yahoo/pilot,data/raw/yahoo/MEGL.parquet,True,1.0,3.188416617383492,2022-10-28,3.188416617383492
BRSH_20220803,BRSH,Bruush Oral Care Inc.,2022-08-03,15510764.0,4.16,True,True,False,False,False,missing_split_unit_validation;incomplete_prices;incomplete_volume,Yahoo/pilot,data/raw/yahoo/BRSH.parquet,False,1.0,,2022-10-26,
MGAM_20220729,MGAM,Mobile Global Esports Inc.,2022-07-29,6000000.0,4.0,True,True,True,True,True,,Yahoo/pilot,data/raw/yahoo/MGAM.parquet,True,1.0,1.0287261237046843,2022-10-21,1.0287261237046843
MAIA_20220728,MAIA,"MAIA Biotechnology, Inc.",2022-07-28,10000000.0,5.0,True,True,True,True,True,,Yahoo/pilot,data/raw/yahoo/MAIA.parquet,True,1.0,-0.1142891378489947,2022-10-20,-0.1142891378489947
VRAX_20220721,VRAX,Virax Biolabs Group Limited,2022-07-21,6750000.0,5.0,True,True,True,True,True,,Yahoo/pilot,data/raw/yahoo/VRAX.parquet,True,0.004,1.2919836816486492,2022-10-13,1.2919836816486492
HKD_20220715,HKD,AMTD Digital Inc.,2022-07-15,124800000.0,7.8,True,True,True,True,True,,Yahoo/pilot,data/raw/yahoo/HKD.parquet,True,1.0,0.7315045455728673,2022-10-07,0.7315045455728673
ILAG_20220713,ILAG,Intelligent Living Application Group Inc.,2022-07-13,20240000.0,4.0,True,True,True,True,True,,Yahoo/pilot,data/raw/yahoo/ILAG.parquet,True,0.1,0.425267747870675,2022-10-05,0.425267747870675
MISSING_SYMBOL_20220712,MISSING_SYMBOL,Nano Labs Ltd,2022-07-12,,11.5,True,True,False,False,False,missing_positive_proceeds;incomplete_prices;incomplete_volume,Yahoo/pilot,data/raw/yahoo/MISSING_SYMBOL.parquet,False,1.0,,2022-10-04,
IE_20220628,IE,Ivanhoe Electric Inc.,2022-06-28,169059000.0,11.75,True,True,True,True,True,,Yahoo/pilot,data/raw/yahoo/IE.parquet,True,1.0,-0.0843070887993585,2022-09-21,-0.0843070887993585
GSUN_20220622,GSUN,Golden Sun Technology Group Limited,2022-06-22,17600000.0,4.0,True,True,True,True,True,,Yahoo/pilot,data/raw/yahoo/GSUN.parquet,True,0.1,1.404870746692826,2022-09-15,1.404870746692826
HSCS_20220615,HSCS,HeartSciences Inc.,2022-06-15,6375000.0,4.25,True,True,True,True,False,missing_split_unit_validation;unverified_nasdaq_adjustment,Nasdaq/historical,data/raw/check2/recovered_nasdaq_HSCS_20220615.parquet,False,1.0,,2022-09-09,3.688879454113936
LYT_20220615,LYT,Lytus Technologies Holdings PTV. LTD.,2022-06-15,12395002.0,4.75,True,True,False,False,False,missing_split_unit_validation;incomplete_prices;incomplete_volume,Yahoo/pilot,data/raw/yahoo/LYT.parquet,False,1.0,,2022-09-09,
PEV_20220608,PEV,Phoenix Motor Inc.,2022-06-08,15750000.0,7.5,True,True,False,False,False,missing_split_unit_validation;incomplete_prices;incomplete_volume,Yahoo/pilot,data/raw/yahoo/PEV.parquet,False,1.0,,2022-09-01,
SVRE_20220603,SVRE,SaverOne 2014 Ltd.,2022-06-03,12150121.0,4.13,True,True,True,True,True,,Yahoo/pilot,data/raw/yahoo/SVRE.parquet,True,0.0015432098765432,2.111997034624991,2022-08-29,2.111997034624991
TOP_20220601,TOP,TOP Financial Group Limited,2022-06-01,25000000.0,5.0,True,True,True,True,True,,Yahoo/pilot,data/raw/yahoo/TOP.parquet,True,0.2,1.2231869873255747,2022-08-25,1.2231869873255747
BRNX_20220524,BRNX,BrenX Ltd.,2022-05-24,,,True,True,False,False,False,missing_positive_proceeds;missing_positive_offer_price;incomplete_prices;incomplete_volume,Yahoo/pilot,data/raw/yahoo/BRNX.parquet,False,1.0,,2022-08-18,
BGXX_20220517,BGXX,Bright Green Corporation,2022-05-17,1265992000.0,8.0,False,True,False,False,False,direct_listing_no_comparable_proceeds;incomplete_prices;incomplete_volume,Yahoo/pilot,data/raw/yahoo/BGXX.parquet,False,1.0,,2022-08-11,
GV_20220517,GV,Visionary Holdings Inc.,2022-05-17,,4.0,True,True,True,True,False,missing_positive_proceeds,Yahoo/chart retry,data/raw/check2/recovered_GV_20220517_GVHGF.parquet,False,1.0,,2022-08-11,4.54063166485052
OKYO_20220517,OKYO,OKYO Pharma Limited,2022-05-17,2500000.0,4.0,True,True,True,True,True,,Yahoo/pilot,data/raw/yahoo/OKYO.parquet,True,1.0,-0.0998203668957246,2022-08-11,-0.0998203668957246
ACDC_20220513,ACDC,ProFrac Holding Corp.,2022-05-13,,18.0,True,True,True,True,False,missing_positive_proceeds,Yahoo/pilot,data/raw/yahoo/ACDC.parquet,False,1.0,,2022-08-09,0.0060925477016174
ASNS_20220513,ASNS,"Actelis Networks, Inc.",2022-05-13,15000000.0,4.0,True,True,True,True,True,,Yahoo/pilot,data/raw/yahoo/ASNS.parquet,True,0.01,-0.5108256237659905,2022-08-09,-0.5108256237659905
PFHC_20220513,PFHC,ProFrac Holding Corp.,2022-05-13,288000000.0,18.0,True,True,False,False,False,missing_split_unit_validation;incomplete_prices;incomplete_volume,Yahoo/pilot,data/raw/yahoo/PFHC.parquet,False,1.0,,2022-08-09,
HNVR_20220511,HNVR,"Hanover Bancorp, Inc.",2022-05-11,26775000.0,21.0,True,True,True,True,True,,Yahoo/pilot,data/raw/yahoo/HNVR.parquet,True,1.0,0.0047506208377316,2022-08-05,0.0047506208377316
BLCO_20220506,BLCO,Bausch + Lomb Corporation,2022-05-06,630000000.0,18.0,True,True,True,True,True,,Yahoo/pilot,data/raw/yahoo/BLCO.parquet,True,1.0,0.1053605156578263,2022-08-02,0.1053605156578263
PEPG_20220506,PEPG,PepGen Inc.,2022-05-06,108000000.0,12.0,True,True,True,True,True,,Yahoo/pilot,data/raw/yahoo/PEPG.parquet,True,1.0,0.0715451937979095,2022-08-02,0.0715451937979095
EDBL_20220505,EDBL,Edible Garden AG Incorporated,2022-05-05,14650000.0,5.0,True,True,True,True,True,,Yahoo/pilot,data/raw/yahoo/EDBL.parquet,True,1.4814814814814817e-07,-0.5481814103097594,2022-08-01,-0.5481814103097594
AUST_20220504,AUST,Austin Gold Corp.,2022-05-04,13060000.0,4.0,True,True,True,True,True,,Yahoo/pilot,data/raw/yahoo/AUST.parquet,True,1.0,0.0884686217997547,2022-07-29,0.0884686217997547
BLTE_20220429,BLTE,"Belite Bio, Inc",2022-04-29,36000000.0,6.0,True,True,True,True,True,,Yahoo/pilot,data/raw/yahoo/BLTE.parquet,True,1.0,0.5681507047939371,2022-07-26,0.5681507047939371
HLVX_20220429,HLVX,"HilleVax, Inc.",2022-04-29,200005000.0,17.0,True,True,False,False,False,missing_split_unit_validation;incomplete_prices;incomplete_volume,Yahoo/pilot,data/raw/yahoo/HLVX.parquet,False,1.0,,2022-07-26,
CLRC_20220428,CLRC,ClimateRock,2022-04-28,,10.0,True,True,False,False,False,missing_positive_proceeds;incomplete_prices;incomplete_volume,Yahoo/pilot,data/raw/yahoo/CLRC.parquet,False,1.0,,2022-07-25,
OST_20220427,OST,"Ostin Technology Group Co., Ltd.",2022-04-27,13500000.0,4.0,True,True,True,True,True,,Yahoo/pilot,data/raw/yahoo/OST.parquet,True,0.004,2.2940487619717596,2022-07-22,2.2940487619717596
TNON_20220427,TNON,"Tenon Medical, Inc.",2022-04-27,16000000.0,5.0,True,True,True,True,True,,Yahoo/pilot,data/raw/yahoo/TNON.parquet,True,0.0003571428571428,1.5040773967762742,2022-07-22,1.5040773967762742
ACON_20220422,ACON,"Aclarion, Inc.",2022-04-22,9417750.0,4.35,True,True,True,True,True,,Yahoo/pilot,data/raw/yahoo/ACON.parquet,True,6.9098949695964615e-06,-0.469543948915171,2022-07-19,-0.469543948915171
JCSE_20220422,JCSE,JE Cleantech Holdings Limited,2022-04-22,12000000.0,4.0,True,True,True,True,True,,Yahoo/pilot,data/raw/yahoo/JCSE.parquet,True,0.3333333333333333,1.55814461804655,2022-07-19,1.55814461804655
STSS_20220414,STSS,"Sharps Technology, Inc.",2022-04-14,15937500.0,4.25,True,True,True,True,True,,Yahoo/chart retry,data/raw/check2/recovered_STSS_20220414_SKYA.parquet,True,0.0001515151515151,-0.7002310354483501,2022-07-12,-0.7002310354483501
EE_20220413,EE,"Excelerate Energy, Inc.",2022-04-13,384000000.0,24.0,True,True,True,True,True,,Yahoo/pilot,data/raw/yahoo/EE.parquet,True,1.0,0.1122120048143666,2022-07-11,0.1122120048143666
GNS_20220412,GNS,Genius Group Limited,2022-04-12,19636362.0,6.0,True,True,True,True,True,,Yahoo/pilot,data/raw/yahoo/GNS.parquet,True,0.1,1.6259672143853108,2022-07-08,1.6259672143853108
XPON_20220401,XPON,"Expion Energy, Inc.",2022-04-01,15015000.0,7.0,True,True,True,True,True,,Yahoo/pilot,data/raw/yahoo/XPON.parquet,True,0.0008333333333333,0.1247428865914432,2022-06-28,0.1247428865914432
RVSN_20220331,RVSN,Rail Vision Ltd.,2022-03-31,15641305.0,4.13,True,True,True,True,True,,Yahoo/pilot,data/raw/yahoo/RVSN.parquet,True,0.0001388888888888,-0.2901063160632872,2022-06-27,-0.2901063160632872
ANTX_20220325,ANTX,"AN2 Therapeutics, Inc.",2022-03-25,69000000.0,15.0,True,True,True,True,True,,Yahoo/pilot,data/raw/yahoo/ANTX.parquet,True,1.0,0.0263172835466116,2022-06-21,0.0263172835466116
LCFY_20220325,LCFY,Locafy Limited,2022-03-25,6007275.0,4.125,True,True,True,True,True,,Yahoo/pilot,data/raw/yahoo/LCFY.parquet,True,0.05,-0.211095167113039,2022-06-21,-0.211095167113039
AKAN_20220315,AKAN,Akanda Corp.,2022-03-15,16000000.0,4.0,True,True,True,True,True,,Yahoo/pilot,data/raw/yahoo/AKAN.parquet,True,1.7760000000000006e-05,0.9650808474721576,2022-06-08,0.9650808474721576
NUBI_20220311,NUBI,Nubia Brand International Corp.,2022-03-11,,10.0,True,True,False,False,False,missing_positive_proceeds;incomplete_prices;incomplete_volume,Yahoo/pilot,data/raw/yahoo/NUBI.parquet,False,1.0,,2022-06-06,
FGMC_20220225,FGMC,FG Merger Corp.,2022-02-25,,10.0,True,True,False,False,False,missing_positive_proceeds;incomplete_prices;incomplete_volume,Yahoo/pilot,data/raw/yahoo/FGMC.parquet,False,1.0,,2022-05-20,
ONCO_20220218,ONCO,"Onconetix, Inc.",2022-02-18,,9.0,True,True,True,True,False,missing_positive_proceeds,Yahoo/pilot,data/raw/yahoo/ONCO.parquet,False,1.0,,2022-05-16,13.8963734420217
MHUA_20220216,MHUA,"Meihua International Medical Technologies Co., Ltd.",2022-02-16,36000000.0,10.0,True,True,False,False,False,missing_split_unit_validation;incomplete_prices;incomplete_volume,Yahoo/pilot,data/raw/yahoo/MHUA.parquet,False,1.0,,2022-05-12,
SMFL_20220216,SMFL,"Smart for Life, Inc.",2022-02-16,14400000.0,10.0,True,True,True,True,True,,Yahoo/pilot,data/raw/yahoo/SMFL.parquet,True,0.0003174603174603,-1.3167682984712803,2022-05-12,-1.3167682984712803
DRCT_20220211,DRCT,"Direct Digital Holdings, Inc.",2022-02-11,15400000.0,5.5,True,True,True,True,True,,Yahoo/pilot,data/raw/yahoo/DRCT.parquet,True,0.0045454545454545,-0.6061358035703156,2022-05-09,-0.6061358035703156
MDV_20220211,MDV,Modiv Inc.,2022-02-11,1000000.0,25.0,True,True,False,False,False,missing_split_unit_validation;incomplete_prices;incomplete_volume,Yahoo/pilot,data/raw/yahoo/MDV.parquet,False,1.0,,2022-05-09,
TCBP_20220211,TCBP,TC BioPharm (Holdings) plc,2022-02-11,17500004.0,4.25,True,True,False,False,False,missing_split_unit_validation;incomplete_prices;incomplete_volume,Yahoo/pilot,data/raw/yahoo/TCBP.parquet,False,1.0,,2022-05-09,
HTCR_20220210,HTCR,"HeartCore Enterprises, Inc.",2022-02-10,15000000.0,5.0,True,True,True,True,True,,Yahoo/pilot,data/raw/yahoo/HTCR.parquet,True,0.05,-0.0100503358535014,2022-05-06,-0.0100503358535014
SKYX_20220210,SKYX,SKYX Platforms Corp.,2022-02-10,23100000.0,14.0,True,True,True,True,True,,Yahoo/pilot,data/raw/yahoo/SKYX.parquet,True,1.0,-0.1667294298425808,2022-05-06,-0.1667294298425808
EVGR_20220209,EVGR,Evergreen Corporation,2022-02-09,,10.0,True,True,False,False,False,missing_positive_proceeds;incomplete_prices;incomplete_volume,Yahoo/pilot,data/raw/yahoo/EVGR.parquet,False,1.0,,2022-05-05,
ACLX_20220204,ACLX,"Arcellx, Inc.",2022-02-04,123750000.0,15.0,True,True,False,False,False,missing_split_unit_validation;incomplete_prices;incomplete_volume,Yahoo/pilot,data/raw/yahoo/ACLX.parquet,False,1.0,,2022-05-02,
NVCT_20220204,NVCT,"Nuvectis Pharma, Inc.",2022-02-04,16000000.0,5.0,True,True,True,True,True,,Yahoo/pilot,data/raw/yahoo/NVCT.parquet,True,1.0,-0.4307829160924542,2022-05-02,-0.4307829160924542
MTEK_20220202,MTEK,Maris-Tech Ltd.,2022-02-02,15500003.0,4.2,True,True,True,True,True,,Yahoo/pilot,data/raw/yahoo/MTEK.parquet,True,1.0,-0.2876820421764063,2022-04-28,-0.2876820421764063
KSCP_20220127,KSCP,"Knightscope, Inc.",2022-01-27,22366190.0,10.0,True,True,True,True,True,,Yahoo/pilot,data/raw/yahoo/KSCP.parquet,True,0.02,-0.5259392615760389,2022-04-22,-0.5259392615760389
FGI_20220125,FGI,FGI Industries Ltd.,2022-01-25,15000000.0,6.0,True,True,True,True,True,,Yahoo/pilot,data/raw/yahoo/FGI.parquet,True,0.2,-0.4307829160924542,2022-04-20,-0.4307829160924542
TKLF_20220118,TKLF,"Tokyo Lifestyle Co., Ltd.",2022-01-18,24000000.0,4.0,True,True,True,True,True,,Yahoo/pilot,data/raw/yahoo/TKLF.parquet,True,0.1,2.0794415416798357,2022-04-12,2.0794415416798357
TPG_20220113,TPG,TPG Inc.,2022-01-13,1000050000.0,29.5,True,True,True,True,True,,Yahoo/pilot,data/raw/yahoo/TPG.parquet,True,1.0,0.1419702612703872,2022-04-08,0.1419702612703872
CNTN_20220112,CNTN,"Canton Strategic Holdings, Inc.",2022-01-12,,,True,True,True,True,False,missing_positive_proceeds;missing_positive_offer_price,Yahoo/pilot,data/raw/yahoo/CNTN.parquet,False,1.0,,2022-04-07,
AMLX_20220107,AMLX,"Amylyx Pharmaceuticals, Inc.",2022-01-07,190000000.0,19.0,True,True,True,True,True,,Yahoo/pilot,data/raw/yahoo/AMLX.parquet,True,1.0,-0.0501858914508359,2022-04-04,-0.0501858914508359
CINC_20220107,CINC,"CinCor Pharma, Inc.",2022-01-07,193600000.0,16.0,True,True,False,False,False,missing_split_unit_validation;incomplete_prices;incomplete_volume,Yahoo/pilot,data/raw/yahoo/CINC.parquet,False,1.0,,2022-04-04,
HOUR_20220107,HOUR,"Hour Loop, Inc.",2022-01-07,6000000.0,4.0,True,True,True,True,True,,Yahoo/pilot,data/raw/yahoo/HOUR.parquet,True,1.0,0.6918963700122552,2022-04-04,0.6918963700122552
VIGL_20220107,VIGL,"Vigil Neuroscience, Inc.",2022-01-07,98000000.0,14.0,True,True,False,False,False,missing_split_unit_validation;incomplete_prices;incomplete_volume,Yahoo/pilot,data/raw/yahoo/VIGL.parquet,False,1.0,,2022-04-04,
UZX_20231219,UZX,Linkage Global Inc,2023-12-19,,,True,True,True,True,False,missing_positive_proceeds;missing_positive_offer_price,Yahoo/pilot,data/raw/yahoo/UZX.parquet,False,1.0,,2024-03-15,
ZKH_20231215,ZKH,ZKH Group Limited,2023-12-15,62000000.0,15.5,True,True,True,True,True,,Yahoo/pilot,data/raw/yahoo/ZKH.parquet,True,1.0,0.0,2024-03-13,0.0
INHD_20231214,INHD,Inno Holdings Inc.,2023-12-14,10000000.0,4.0,True,True,True,True,True,,Yahoo/pilot,data/raw/yahoo/INHD.parquet,True,0.0002083333333333,1.2434338732068495,2024-03-12,1.2434338732068495
AFJK_20231204,AFJK,"Aimei Health Technology Co., Ltd",2023-12-04,,10.0,True,True,False,False,False,missing_positive_proceeds;incomplete_prices;incomplete_volume,Yahoo/pilot,data/raw/yahoo/AFJK.parquet,False,1.0,,2024-02-29,
GSIW_20231201,GSIW,Garden Stage Limited,2023-12-01,10000000.0,4.0,True,True,True,True,True,,Yahoo/pilot,data/raw/yahoo/GSIW.parquet,True,0.005,0.9360933591703348,2024-02-28,0.9360933591703348
FEBO_20231130,FEBO,Fenbo Holdings Limited,2023-11-30,5000000.0,5.0,True,True,True,True,True,,Yahoo/pilot,data/raw/yahoo/FEBO.parquet,True,1.0,-0.1187835231024763,2024-02-27,-0.1187835231024763
ELAB_20231121,ELAB,PMGC Holdings Inc.,2023-11-21,6000000.0,4.0,True,True,True,True,True,,Yahoo/pilot,data/raw/yahoo/ELAB.parquet,True,8.482142857142857e-07,-0.1625189426280272,2024-02-16,-0.1625189426280272
DDC_20231117,DDC,DDC Enterprise Limited,2023-11-17,33150000.0,8.5,True,True,True,True,True,,Yahoo/pilot,data/raw/yahoo/DDC.parquet,True,0.04,-0.3139052675508834,2024-02-14,-0.3139052675508834
RR_20231117,RR,Richtech Robotics Inc.,2023-11-17,10500000.0,5.0,True,True,True,True,True,,Yahoo/pilot,data/raw/yahoo/RR.parquet,True,1.0,0.048790164169432,2024-02-14,0.048790164169432
SGN_20231114,SGN,"Signing Day Sports, Inc.",2023-11-14,6000000.0,5.0,True,True,False,False,False,missing_split_unit_validation;incomplete_prices;incomplete_volume,Yahoo/pilot,data/raw/yahoo/SGN.parquet,False,1.0,,2024-02-09,
SHIM_20231114,SHIM,Shimmick Corporation,2023-11-14,25025000.0,7.0,True,True,True,True,True,,Yahoo/pilot,data/raw/yahoo/SHIM.parquet,True,1.0,-0.089612143788526,2024-02-09,-0.089612143788526
CRGX_20231110,CRGX,"CARGO Therapeutics, Inc.",2023-11-10,281250000.0,15.0,True,True,False,False,False,missing_split_unit_validation;incomplete_prices;incomplete_volume,Yahoo/pilot,data/raw/yahoo/CRGX.parquet,False,1.0,,2024-02-07,
HG_20231110,HG,"Hamilton Insurance Group, Ltd.",2023-11-10,225000000.0,15.0,True,True,True,True,True,,Yahoo/pilot,data/raw/yahoo/HG.parquet,True,1.0,0.0,2024-02-07,0.0
GVH_20231108,GVH,Globavend Holdings Limited,2023-11-08,6000000.0,4.0,True,True,True,True,True,,Yahoo/pilot,data/raw/yahoo/GVH.parquet,True,0.005,-0.4385049621863645,2024-02-05,-0.4385049621863645
LXEO_20231103,LXEO,"Lexeo Therapeutics, Inc.",2023-11-03,100000010.0,11.0,True,True,True,True,True,,Yahoo/pilot,data/raw/yahoo/LXEO.parquet,True,1.0,-0.0903226193146926,2024-01-31,-0.0903226193146926
PAPL_20231101,PAPL,Pineapple Financial Inc.,2023-11-01,3500000.0,4.0,True,True,True,True,True,,Yahoo/pilot,data/raw/yahoo/PAPL.parquet,True,0.05,-0.5753641449035618,2024-01-29,-0.5753641449035618
ATGL_20231031,ATGL,Alpha Technology Group Limited,2023-10-31,7000000.0,4.0,True,True,True,True,True,,Yahoo/pilot,data/raw/yahoo/ATGL.parquet,True,1.0,0.0953102014787409,2024-01-26,0.0953102014787409
MNR_20231025,MNR,Mach Natural Resources LP,2023-10-25,190000000.0,19.0,True,True,True,True,True,,Yahoo/pilot,data/raw/yahoo/MNR.parquet,True,1.0,-0.0353545040181713,2024-01-22,-0.0353545040181713
NCL_20231019,NCL,Northann Corp.,2023-10-19,6000000.0,5.0,True,True,True,True,True,,Yahoo/chart retry,data/raw/check2/recovered_NCL_20231019_NCLX.parquet,True,0.015625,-0.0833816296711016,2024-01-16,-0.0833816296711016
WBUY_20231019,WBUY,Webuy Global Ltd,2023-10-19,15200000.0,4.0,True,True,True,True,True,,Yahoo/pilot,data/raw/yahoo/WBUY.parquet,True,0.0083333333333333,0.2889312728025384,2024-01-16,0.2889312728025384
BIRK_20231011,BIRK,Birkenstock Holding plc,2023-10-11,1483870944.0,46.0,True,True,True,True,True,,Yahoo/pilot,data/raw/yahoo/BIRK.parquet,True,1.0,-0.1347743818855264,2024-01-05,-0.1347743818855264
GMM_20231010,GMM,Global Mofy AI Limited,2023-10-10,6000000.0,5.0,True,True,True,True,True,,Yahoo/pilot,data/raw/yahoo/GMM.parquet,True,0.02,0.0198026272961797,2024-01-04,0.0198026272961797
LRHC_20231010,LRHC,La Rosa Holdings Corp.,2023-10-10,5000000.0,5.0,True,True,True,True,True,,Yahoo/pilot,data/raw/yahoo/LRHC.parquet,True,0.000125,-0.3566749439387321,2024-01-04,-0.3566749439387321
PMEC_20231010,PMEC,Primech Holdings Ltd.,2023-10-10,12200000.0,4.0,True,True,True,True,True,,Yahoo/pilot,data/raw/yahoo/PMEC.parquet,True,1.0,-0.9942522604563764,2024-01-04,-0.9942522604563764
GPAK_20231009,GPAK,Gamer Pakistan Inc.,2023-10-09,6800000.0,4.0,True,True,True,True,True,,Yahoo/pilot,data/raw/yahoo/GPAK.parquet,True,1.0,-0.5842927670947304,2024-01-03,-0.5842927670947304
MSS_20231005,MSS,Maison Solutions Inc.,2023-10-05,10000000.0,4.0,True,True,True,True,True,,Yahoo/pilot,data/raw/yahoo/MSS.parquet,True,0.02,0.8064758658669485,2023-12-29,0.8064758658669485
ANL_20230929,ANL,Adlai Nortye Group Ltd.,2023-09-29,57500000.0,23.0,True,True,True,True,True,,Yahoo/pilot,data/raw/yahoo/ANL.parquet,True,1.0,-0.4274440148269396,2023-12-22,-0.4274440148269396
SYRA_20230929,SYRA,Syra Health Corp.,2023-09-29,6669950.0,4.125,True,True,True,True,True,,Yahoo/pilot,data/raw/yahoo/SYRA.parquet,True,1.0,-0.3184537311185346,2023-12-22,-0.3184537311185346
VSME_20230928,VSME,VS MEDIA Holdings Limited,2023-09-28,10000000.0,5.0,True,True,True,True,True,,Yahoo/pilot,data/raw/yahoo/VSME.parquet,True,0.0071428571428571,-0.271808677524846,2023-12-21,-0.271808677524846
LRE_20230927,LRE,"Lead Real Estate Co., Ltd",2023-09-27,8001000.0,7.0,True,True,True,True,True,,Yahoo/pilot,data/raw/yahoo/LRE.parquet,True,1.0,-0.1213608877679554,2023-12-20,-0.1213608877679554
TURB_20230922,TURB,"Turbo Energy, S.A.",2023-09-22,5000000.0,5.0,True,True,True,True,True,,Yahoo/pilot,data/raw/yahoo/TURB.parquet,True,1.0,0.0019980483476691,2023-12-15,0.0019980483476691
MDBH_20230921,MDBH,"MDB Capital Holdings, LLC",2023-09-21,19999992.0,12.0,True,True,True,True,True,,Yahoo/pilot,data/raw/yahoo/MDBH.parquet,True,1.0,0.0408219945202552,2023-12-14,0.0408219945202552
KVYO_20230920,KVYO,"Klaviyo, Inc.",2023-09-20,576000000.0,30.0,True,True,True,True,True,,Yahoo/pilot,data/raw/yahoo/KVYO.parquet,True,1.0,0.0880108260874617,2023-12-13,0.0880108260874617
CART_20230919,CART,Maplebear Inc.,2023-09-19,660000000.0,30.0,True,True,True,True,True,,Yahoo/pilot,data/raw/yahoo/CART.parquet,True,1.0,0.1163004783353132,2023-12-12,0.1163004783353132
DTCK_20230919,DTCK,Davis Commodities Limited,2023-09-19,4350000.0,4.0,True,True,False,False,False,missing_split_unit_validation;incomplete_prices;incomplete_volume,Yahoo/pilot,data/raw/yahoo/DTCK.parquet,False,1.0,,2023-12-12,
NMRA_20230915,NMRA,"Neumora Therapeutics, Inc.",2023-09-15,250070000.0,17.0,True,True,True,True,True,,Yahoo/pilot,data/raw/yahoo/NMRA.parquet,True,1.0,-0.0451204352804695,2023-12-08,-0.0451204352804695
RYZB_20230915,RYZB,"RayzeBio, Inc.",2023-09-15,310996800.0,18.0,True,True,False,False,False,missing_split_unit_validation;incomplete_prices;incomplete_volume,Yahoo/pilot,data/raw/yahoo/RYZB.parquet,False,1.0,,2023-12-08,
ARM_20230914,ARM,Arm Holdings plc,2023-09-14,4870500000.0,51.0,True,True,True,True,True,,Yahoo/pilot,data/raw/yahoo/ARM.parquet,True,1.0,0.2206305949545485,2023-12-07,0.2206305949545485
SPPL_20230913,SPPL,Simpple Ltd.,2023-09-13,8410500.0,5.25,True,True,True,True,True,,Yahoo/pilot,data/raw/yahoo/SPPL.parquet,True,0.125,-0.0689928520242104,2023-12-06,-0.0689928520242104
NWGL_20230912,NWGL,CL Workshop Group Limited,2023-09-12,6750000.0,9.0,True,True,True,True,True,,Yahoo/pilot,data/raw/yahoo/NWGL.parquet,True,1.0,0.0645385608740001,2023-12-05,0.0645385608740001
AXG_20230907,AXG,Solowin Holdings,2023-09-07,,,True,True,True,True,False,missing_positive_proceeds;missing_positive_offer_price,Yahoo/pilot,data/raw/yahoo/AXG.parquet,False,1.0,,2023-11-30,
IVP_20230830,IVP,"Inspire Veterinary Partners, Inc.",2023-08-30,6400000.0,4.0,True,True,True,True,True,,Yahoo/chart retry,data/raw/check2/recovered_IVP_20230830_IVPR.parquet,True,0.0004,-0.2646167995207847,2023-11-22,-0.2646167995207847
SPGC_20230815,SPGC,"Sacks Parente Golf, Inc.",2023-08-15,12800000.0,4.0,True,True,False,False,False,missing_split_unit_validation;incomplete_prices;incomplete_volume,Yahoo/pilot,data/raw/yahoo/SPGC.parquet,False,1.0,,2023-11-07,
SRM_20230815,SRM,SRM Contractors Limited,2023-08-15,6250000.0,5.0,True,True,False,False,False,missing_split_unit_validation;incomplete_prices;incomplete_volume,Yahoo/pilot,data/raw/yahoo/SRM.parquet,False,1.0,,2023-11-07,
LQR_20230810,LQR,LQR House Inc.,2023-08-10,5000000.0,5.0,True,True,True,True,True,,Yahoo/chart retry,data/raw/check2/recovered_LQR_20230810_YHC.parquet,True,7.142857142857143e-06,-0.2484613592984996,2023-11-02,-0.2484613592984996
NRXS_20230809,NRXS,"NeurAxis, Inc.",2023-08-09,6592002.0,6.0,True,True,True,True,True,,Yahoo/pilot,data/raw/yahoo/NRXS.parquet,True,1.0,0.0,2023-11-01,0.0
GMEX_20230808,GMEX,GMEX Robotics Corporation,2023-08-08,,,True,True,True,True,False,missing_positive_proceeds;missing_positive_offer_price,Yahoo/pilot,data/raw/yahoo/GMEX.parquet,False,1.0,,2023-10-31,
MIRA_20230803,MIRA,"MIRA Pharmaceuticals, Inc.",2023-08-03,8925000.0,7.0,True,True,True,True,True,,Yahoo/pilot,data/raw/yahoo/MIRA.parquet,True,1.0,0.0582689184061785,2023-10-26,0.0582689184061785
CTNT_20230801,CTNT,Cheetah Net Supply Chain Service Inc.,2023-08-01,5000000.0,4.0,True,True,True,True,True,,Yahoo/pilot,data/raw/yahoo/CTNT.parquet,True,0.0003125,0.5452270504833231,2023-10-24,0.5452270504833231
PXDT_20230801,PXDT,"Pixie Dust Technologies, Inc.",2023-08-01,15000003.0,9.0,True,True,False,False,False,missing_split_unit_validation;incomplete_prices;incomplete_volume,Yahoo/pilot,data/raw/yahoo/PXDT.parquet,False,1.0,,2023-10-24,
PRZO_20230727,PRZO,ParaZero Technologies Ltd.,2023-07-27,7800000.0,4.0,True,True,True,True,True,,Yahoo/pilot,data/raw/yahoo/PRZO.parquet,True,1.0,-0.1053605421487798,2023-10-19,-0.1053605421487798
SRFM_20230727,SRFM,Surf Air Mobility Inc.,2023-07-27,408472440.0,20.0,True,True,True,True,True,,Yahoo/pilot,data/raw/yahoo/SRFM.parquet,True,0.1428571428571428,-1.8483298553168788,2023-10-19,-1.8483298553168788
ELWS_20230725,ELWS,"Earlyworks Co., Ltd.",2023-07-25,6000000.0,5.0,True,True,True,True,True,,Yahoo/chart retry,data/raw/check2/recovered_ELWS_20230725_PDC.parquet,True,0.2,-0.3285040669720361,2023-10-17,-0.3285040669720361
JNVR_20230725,JNVR,Janover Inc.,2023-07-25,6478360.0,4.0,True,True,False,False,False,missing_split_unit_validation;incomplete_prices;incomplete_volume,Yahoo/pilot,data/raw/yahoo/JNVR.parquet,False,1.0,,2023-10-17,
WRNT_20230725,WRNT,Warrantee Inc.,2023-07-25,9600000.0,4.0,True,True,False,False,False,missing_split_unit_validation;incomplete_prices;incomplete_volume,Yahoo/pilot,data/raw/yahoo/WRNT.parquet,False,1.0,,2023-10-17,
TSBX_20230721,TSBX,Turnstone Biologics Corp.,2023-07-21,80000004.0,12.0,True,True,False,False,False,missing_split_unit_validation;incomplete_prices;incomplete_volume,Yahoo/pilot,data/raw/yahoo/TSBX.parquet,False,1.0,,2023-10-13,
ODD_20230719,ODD,Oddity Tech Ltd.,2023-07-19,423684135.0,35.0,True,True,True,True,True,,Yahoo/pilot,data/raw/yahoo/ODD.parquet,True,1.0,0.3060130034537116,2023-10-11,0.3060130034537116
APGE_20230714,APGE,"Apogee Therapeutics, Inc.",2023-07-14,300050000.0,17.0,True,True,True,True,True,,Yahoo/pilot,data/raw/yahoo/APGE.parquet,True,1.0,0.2222019100968347,2023-10-06,0.2222019100968347
SGMT_20230714,SGMT,Sagimet Biosciences Inc.,2023-07-14,85000000.0,16.0,True,True,True,True,True,,Yahoo/pilot,data/raw/yahoo/SGMT.parquet,True,1.0,-0.0031299049672263,2023-10-06,-0.0031299049672263
SXTP_20230712,SXTP,"60 Degrees Pharmaceuticals, Inc.",2023-07-12,7500004.0,5.3,True,True,True,True,True,,Yahoo/pilot,data/raw/yahoo/SXTP.parquet,True,0.0041666666666666,-0.1244087541008551,2023-10-04,-0.1244087541008551
PWM_20230706,PWM,Power Metals Corp.,2023-07-06,5000000.0,5.0,True,True,False,False,False,missing_split_unit_validation;incomplete_prices;incomplete_volume,Yahoo/pilot,data/raw/yahoo/PWM.parquet,False,1.0,,2023-09-28,
INTS_20230630,INTS,"Intensity Therapeutics, Inc.",2023-06-30,19500000.0,5.0,True,True,True,True,True,,Yahoo/pilot,data/raw/yahoo/INTS.parquet,True,0.04,0.1756325686431579,2023-09-25,0.1756325686431579
VTMX_20230630,VTMX,"Corporación Inmobiliaria Vesta, S.A.B. de C.V.",2023-06-30,387500000.0,31.0,True,True,True,True,True,,Yahoo/pilot,data/raw/yahoo/VTMX.parquet,True,1.0,0.0386002111501842,2023-09-25,0.0386002111501842
KGS_20230629,KGS,"Kodiak Gas Services, Inc.",2023-06-29,256000000.0,16.0,True,True,True,True,True,,Yahoo/pilot,data/raw/yahoo/KGS.parquet,True,1.0,-0.0189280220342363,2023-09-22,-0.0189280220342363
PLGO_20230629,PLGO,Pelagos Insurance Capital Limited,2023-06-29,,,True,True,True,True,False,missing_positive_proceeds;missing_positive_offer_price,Yahoo/pilot,data/raw/yahoo/PLGO.parquet,False,1.0,,2023-09-22,
SVV_20230629,SVV,"Savers Value Village, Inc.",2023-06-29,401249988.0,18.0,True,True,True,True,True,,Yahoo/pilot,data/raw/yahoo/SVV.parquet,True,1.0,0.2412017319089212,2023-09-22,0.2412017319089212
GENK_20230628,GENK,"GEN Restaurant Group, Inc.",2023-06-28,43200000.0,12.0,True,True,True,True,True,,Yahoo/pilot,data/raw/yahoo/GENK.parquet,True,1.0,0.2455571560981692,2023-09-21,0.2455571560981692
AZTR_20230616,AZTR,"Azitra, Inc.",2023-06-16,7500000.0,5.0,True,True,True,True,True,,Yahoo/pilot,data/raw/yahoo/AZTR.parquet,True,0.005,-0.0120725812342691,2023-09-12,-0.0120725812342691
BOF_20230616,BOF,BranchOut Food Inc.,2023-06-16,7140000.0,6.0,True,True,True,True,True,,Yahoo/pilot,data/raw/yahoo/BOF.parquet,True,1.0,-0.3033599239207579,2023-09-12,-0.3033599239207579
CAVA_20230615,CAVA,"CAVA Group, Inc.",2023-06-15,317777768.0,22.0,True,True,True,True,True,,Yahoo/pilot,data/raw/yahoo/CAVA.parquet,True,1.0,0.6881346108537345,2023-09-11,0.6881346108537345
ATMU_20230526,ATMU,Atmus Filtration Technologies Inc.,2023-05-26,275425976.0,19.5,True,True,True,True,True,,Yahoo/pilot,data/raw/yahoo/ATMU.parquet,True,1.0,0.1045909712589488,2023-08-22,0.1045909712589488
ATS_20230525,ATS,ATS Corporation,2023-05-25,,41.0,True,True,True,True,False,missing_positive_proceeds,Yahoo/pilot,data/raw/yahoo/ATS.parquet,False,1.0,,2023-08-21,0.0501829362127396
CWD_20230517,CWD,CaliberCos Inc.,2023-05-17,4800000.0,4.0,True,True,True,True,False,missing_split_unit_validation;unverified_nasdaq_adjustment,Nasdaq/historical,data/raw/check2/recovered_nasdaq_CWD_20230517.parquet,False,1.0,,2023-08-11,3.4011973816621555
SGE_20230516,SGE,"Strong Global Entertainment, Inc.",2023-05-16,4000000.0,4.0,True,True,False,False,False,missing_split_unit_validation;incomplete_prices;incomplete_volume,Yahoo/pilot,data/raw/yahoo/SGE.parquet,False,1.0,,2023-08-10,
SLRN_20230505,SLRN,Solar 18 Corporation,2023-05-05,540000000.0,18.0,True,True,False,False,False,missing_split_unit_validation;incomplete_prices;incomplete_volume,Yahoo/pilot,data/raw/yahoo/SLRN.parquet,False,1.0,,2023-08-01,
KVUE_20230504,KVUE,Kenvue Inc.,2023-05-04,3801876320.0,22.0,True,True,True,True,True,,Yahoo/pilot,data/raw/yahoo/KVUE.parquet,True,1.0,0.2010838190684467,2023-07-31,0.2010838190684467
TRNR_20230428,TRNR,Interactive Strength Inc.,2023-04-28,12000000.0,8.0,True,True,True,False,False,missing_split_unit_validation;incomplete_volume,Yahoo/pilot,data/raw/yahoo/TRNR.parquet,False,1.0,,2023-07-25,14.654272087329192
JYD_20230421,JYD,Jayud Global Logistics Limited,2023-04-21,5000000.0,4.0,True,True,True,True,True,,Yahoo/pilot,data/raw/yahoo/JYD.parquet,True,0.02,0.2311117209633866,2023-07-18,0.2311117209633866
UCAR_20230420,UCAR,U Power Limited,2023-04-20,14500002.0,6.0,True,True,True,True,True,,Yahoo/pilot,data/raw/yahoo/UCAR.parquet,True,0.001,1.9736179558586064,2023-07-17,1.9736179558586064
USGO_20230420,USGO,U.S. GoldMining Inc.,2023-04-20,20000000.0,10.0,True,True,True,True,True,,Yahoo/pilot,data/raw/yahoo/USGO.parquet,True,1.0,-0.1009259228097584,2023-07-17,-0.1009259228097584
WLGS_20230420,WLGS,"Wang & Lee Group, Inc.",2023-04-20,8000000.0,5.0,True,True,False,False,False,missing_split_unit_validation;incomplete_prices;incomplete_volume,Yahoo/pilot,data/raw/yahoo/WLGS.parquet,False,1.0,,2023-07-17,
TPET_20230418,TPET,Trio Petroleum Corp.,2023-04-18,6000000.0,3.0,True,True,True,True,True,,Yahoo/pilot,data/raw/yahoo/TPET.parquet,True,0.0055555555555555,-0.2788324422371684,2023-07-13,-0.2788324422371684
WAI_20230418,WAI,Top KingWin Ltd,2023-04-18,,4.0,False,True,True,True,False,unresolved_identity_or_alias_duplicate;missing_positive_proceeds,Yahoo/chart retry,data/raw/check2/recovered_WAI_20230418_DPU.parquet,False,1.0,,2023-07-13,6.486541813905833
GDTC_20230414,GDTC,CytoMed Therapeutics Limited,2023-04-14,9649476.0,4.0,True,True,True,True,True,,Yahoo/pilot,data/raw/yahoo/GDTC.parquet,True,1.0,0.0,2023-07-11,0.0
VCIG_20230413,VCIG,VCI Global Limited,2023-04-13,5120000.0,4.0,True,True,True,True,True,,Yahoo/pilot,data/raw/yahoo/VCIG.parquet,True,3.779289493575207e-08,0.0606246218164346,2023-07-10,0.0606246218164346
GDHG_20230412,GDHG,Golden Heaven Group Holdings Ltd.,2023-04-12,7000000.0,4.0,True,True,True,True,True,,Yahoo/pilot,data/raw/yahoo/GDHG.parquet,True,5.333333333333333e-05,0.0024968801985871,2023-07-07,0.0024968801985871
ARBB_20230405,ARBB,ARB IOT Group Limited,2023-04-05,5000000.0,4.0,True,True,True,True,True,,Yahoo/pilot,data/raw/yahoo/ARBB.parquet,True,0.0666666666666666,-0.0382212128201977,2023-06-30,-0.0382212128201977
ISPR_20230404,ISPR,Ispire Technology Inc.,2023-04-04,18900000.0,7.0,True,True,True,True,True,,Yahoo/pilot,data/raw/yahoo/ISPR.parquet,True,1.0,0.0756374394685156,2023-06-29,0.0756374394685156
MGIH_20230404,MGIH,Millennium Group International Holdings Limited,2023-04-04,5000000.0,4.0,True,True,True,True,True,,Yahoo/pilot,data/raw/yahoo/MGIH.parquet,True,1.0,-0.2200234120941741,2023-06-29,-0.2200234120941741
MWG_20230403,MWG,Multi Ways Holdings Limited,2023-04-03,18100000.0,2.5,True,True,True,True,True,,Yahoo/pilot,data/raw/yahoo/MWG.parquet,True,0.1,1.2663840300419458,2023-06-28,1.2663840300419458
HKIT_20230331,HKIT,Hitek Global Inc.,2023-03-31,16000000.0,5.0,True,True,True,True,True,,Yahoo/pilot,data/raw/yahoo/HKIT.parquet,True,0.0002666666666666,0.1061601958283907,2023-06-27,0.1061601958283907
HSHP_20230331,HSHP,Himalaya Shipping Ltd.,2023-03-31,44776000.0,5.8,True,True,True,True,True,,Yahoo/pilot,data/raw/yahoo/HSHP.parquet,True,1.0,3.2885320814203e-08,2023-06-27,3.2885320814203e-08
SFWL_20230331,SFWL,Shengfeng Development Limited,2023-03-31,9600000.0,4.0,True,True,True,True,True,,Yahoo/pilot,data/raw/yahoo/SFWL.parquet,True,1.0,0.0049875367663907,2023-06-27,0.0049875367663907
SYT_20230331,SYT,Softing AG,2023-03-31,15000000.0,8.0,True,True,False,False,False,missing_split_unit_validation;incomplete_prices;incomplete_volume,Yahoo/pilot,data/raw/yahoo/SYT.parquet,False,1.0,,2023-06-27,
CHSN_20230330,CHSN,Chanson International Holding,2023-03-30,13560000.0,4.0,True,True,True,True,True,,Yahoo/pilot,data/raw/yahoo/CHSN.parquet,True,0.000125,-0.4902063365632549,2023-06-26,-0.4902063365632549
HLP_20230329,HLP,Hongli Group Inc.,2023-03-29,8250000.0,4.0,True,True,True,True,True,,Yahoo/pilot,data/raw/yahoo/HLP.parquet,True,1.0,-0.1335313926245226,2023-06-23,-0.1335313926245226
YGFGF_20230328,YGFGF,"YanGuFang International Group Co., Ltd.",2023-03-28,,4.0,True,True,True,True,False,missing_positive_proceeds,Yahoo/pilot,data/raw/yahoo/YGFGF.parquet,False,1.0,,2023-06-22,-0.0278851765218818
ZJYL_20230328,ZJYL,Jin Medical International Ltd.,2023-03-28,8000000.0,8.0,True,True,True,True,True,,Yahoo/pilot,data/raw/yahoo/ZJYL.parquet,True,1.0,-0.0062696370054023,2023-06-22,-0.0062696370054023
BANL_20230323,BANL,CBL International Limited,2023-03-23,13300000.0,4.0,True,True,True,True,True,,Yahoo/pilot,data/raw/yahoo/BANL.parquet,True,0.0769230769230769,0.0998453190364172,2023-06-16,0.0998453190364172
MGRX_20230321,MGRX,"Mangoceuticals, Inc.",2023-03-21,5000000.0,4.0,True,True,True,True,True,,Yahoo/pilot,data/raw/yahoo/MGRX.parquet,True,0.0666666666666666,0.0,2023-06-14,0.0
OMH_20230321,OMH,Ohmyhome Limited,2023-03-21,11200000.0,4.0,True,True,True,True,False,missing_split_unit_validation;unverified_nasdaq_adjustment,Nasdaq/historical,data/raw/check2/recovered_nasdaq_OMH_20230321.parquet,False,1.0,,2023-06-14,6.214608098422191
ICG_20230316,ICG,Intchains Group Limited,2023-03-16,8000000.0,8.0,True,True,True,True,True,,Yahoo/pilot,data/raw/yahoo/ICG.parquet,True,1.0,0.0,2023-06-09,0.0
IZM_20230315,IZM,ICZOOM Group Inc.,2023-03-15,6000000.0,4.0,True,True,True,True,True,,Yahoo/pilot,data/raw/yahoo/IZM.parquet,True,1.0,-0.1893461890180669,2023-06-08,-0.1893461890180669
AESI_20230309,AESI,Atlas Energy Solutions Inc.,2023-03-09,324000000.0,18.0,True,True,True,True,True,,Yahoo/pilot,data/raw/yahoo/AESI.parquet,True,1.0,-0.0601038790585292,2023-06-02,-0.0601038790585292
AIXI_20230309,AIXI,Xiao-I Corporation,2023-03-09,38760000.0,6.8,True,True,True,True,True,,Yahoo/pilot,data/raw/yahoo/AIXI.parquet,True,0.0055555555555555,-0.1573419946285071,2023-06-02,-0.1573419946285071
BMR_20230228,BMR,Beamr Imaging Ltd.,2023-02-28,7800000.0,4.0,True,True,True,True,True,,Yahoo/pilot,data/raw/yahoo/BMR.parquet,True,1.0,-0.0915671673974273,2023-05-23,-0.0915671673974273
DIST_20230215,DIST,DistIT AB (publ),2023-02-15,,10.0,True,True,False,False,False,missing_positive_proceeds;incomplete_prices;incomplete_volume,Yahoo/pilot,data/raw/yahoo/DIST.parquet,False,1.0,,2023-05-11,
GXAI_20230215,GXAI,Gaxos.ai Inc.,2023-02-15,,4.15,True,True,True,True,False,missing_positive_proceeds,Yahoo/pilot,data/raw/yahoo/GXAI.parquet,False,1.0,,2023-05-11,2.460515165267155
BFRG_20230214,BFRG,"Bullfrog AI Holdings, Inc.",2023-02-14,8432567.0,6.5,True,True,True,True,True,,Yahoo/pilot,data/raw/yahoo/BFRG.parquet,True,1.0,-0.3115544605738445,2023-05-10,-0.3115544605738445
ENLT_20230210,ENLT,Enlight Renewable Energy Ltd,2023-02-10,252000000.0,18.0,True,True,True,True,True,,Yahoo/pilot,data/raw/yahoo/ENLT.parquet,True,1.0,-0.0139862419747398,2023-05-08,-0.0139862419747398
MLYS_20230210,MLYS,"Mineralys Therapeutics, Inc.",2023-02-10,192000000.0,16.0,True,True,True,True,True,,Yahoo/pilot,data/raw/yahoo/MLYS.parquet,True,1.0,0.1419335248505759,2023-05-08,0.1419335248505759
HSAI_20230209,HSAI,Hesai Group,2023-02-09,190000000.0,19.0,True,True,True,True,True,,Yahoo/pilot,data/raw/yahoo/HSAI.parquet,True,1.0,0.1024615447177948,2023-05-05,0.1024615447177948
LSDIF_20230209,LSDIF,Lucy Scientific Discovery Inc.,2023-02-09,,4.0,True,True,True,True,False,missing_positive_proceeds,Yahoo/pilot,data/raw/yahoo/LSDIF.parquet,False,1.0,,2023-05-05,2.011564106518565
NXT_20230209,NXT,Nextpower Inc.,2023-02-09,638400000.0,24.0,True,True,True,True,True,,Yahoo/pilot,data/raw/yahoo/NXT.parquet,True,1.0,0.2383604870623611,2023-05-05,0.2383604870623611
LICN_20230206,LICN,Lichen International Limited,2023-02-06,16000000.0,4.0,True,True,True,True,True,,Yahoo/pilot,data/raw/yahoo/LICN.parquet,True,1.0,-0.1335313926245226,2023-05-02,-0.1335313926245226
ASST_20230203,ASST,"Strive, Inc.",2023-02-03,7500000.0,5.0,True,True,True,True,True,,Yahoo/pilot,data/raw/yahoo/ASST.parquet,True,0.01,-0.3424903089467757,2023-05-01,-0.3424903089467757
GPCR_20230203,GPCR,Structure Therapeutics Inc.,2023-02-03,161100000.0,15.0,True,True,True,True,True,,Yahoo/pilot,data/raw/yahoo/GPCR.parquet,True,1.0,0.550046336919272,2023-05-01,0.550046336919272
BREA_20230127,BREA,Brera Holdings PLC,2023-01-27,8525000.0,5.0,True,True,True,True,True,,Yahoo/chart retry,data/raw/check2/recovered_BREA_20230127_SLMT.parquet,True,0.01,-0.0366639843715912,2023-04-24,-0.0366639843715912
TXO_20230127,TXO,"TXO Partners, L.P.",2023-01-27,100000000.0,20.0,True,True,True,True,True,,Yahoo/pilot,data/raw/yahoo/TXO.parquet,True,1.0,0.0953101798043249,2023-04-24,0.0953101798043249
GNLX_20230126,GNLX,Genelux Corporation,2023-01-26,15000000.0,6.0,True,True,True,True,True,,Yahoo/pilot,data/raw/yahoo/GNLX.parquet,True,1.0,0.0246926280972709,2023-04-21,0.0246926280972709
HERE_20230125,HERE,Here Group Limited,2023-01-25,,,True,True,True,True,False,missing_positive_proceeds;missing_positive_offer_price,Yahoo/pilot,data/raw/yahoo/HERE.parquet,False,1.0,,2023-04-20,
CVKD_20230120,CVKD,"Cadrenal Therapeutics, Inc.",2023-01-20,7000000.0,5.0,True,True,True,True,True,,Yahoo/pilot,data/raw/yahoo/CVKD.parquet,True,0.0666666666666666,-0.193584761417964,2023-04-17,-0.193584761417964
MGOL_20230113,MGOL,MGO Global Inc.,2023-01-13,7500000.0,5.0,True,True,False,False,False,missing_split_unit_validation;incomplete_prices;incomplete_volume,Yahoo/pilot,data/raw/yahoo/MGOL.parquet,False,1.0,,2023-04-11,
SKWD_20230113,SKWD,"Skyward Specialty Insurance Group, Inc.",2023-01-13,134285745.0,15.0,True,True,True,True,True,,Yahoo/pilot,data/raw/yahoo/SKWD.parquet,True,1.0,0.2416381539226109,2023-04-11,0.2416381539226109
ONEG_20241231,ONEG,OneConstruction Group Limited,2024-12-31,7000000.0,4.0,True,True,True,True,True,,Yahoo/pilot,data/raw/yahoo/ONEG.parquet,True,1.0,-0.2876820724517809,2025-03-28,-0.2876820724517809
BYAH_20241227,BYAH,"Park Ha Biological Technology Co., Ltd.",2024-12-27,,,True,True,True,True,False,missing_positive_proceeds;missing_positive_offer_price,Yahoo/pilot,data/raw/yahoo/BYAH.parquet,False,1.0,,2025-03-26,
HIT_20241223,HIT,"Health In Tech, Inc.",2024-12-23,9200000.0,4.0,True,True,True,True,True,,Yahoo/pilot,data/raw/yahoo/HIT.parquet,True,1.0,0.2429461599108928,2025-03-21,0.2429461599108928
YAAS_20241220,YAAS,Youxin Technology Ltd,2024-12-20,10350000.0,4.5,True,True,True,True,True,,Yahoo/pilot,data/raw/yahoo/YAAS.parquet,True,0.0025,-1.7397997302973438,2025-03-20,-1.7397997302973438
LSE_20241219,LSE,"Leishen Energy Holding Co., Ltd.",2024-12-19,5500000.0,4.0,True,True,True,True,True,,Yahoo/pilot,data/raw/yahoo/LSE.parquet,True,1.0,0.0838814620571543,2025-03-19,0.0838814620571543
NCEW_20241218,NCEW,New Century Logistics (BVI) Limited,2024-12-18,6000000.0,4.0,True,True,True,True,True,,Yahoo/pilot,data/raw/yahoo/NCEW.parquet,True,0.125,-0.4541302951079387,2025-03-18,-0.4541302951079387
YSXT_20241218,YSXT,"YSX Tech. Co., Ltd",2024-12-18,5000000.0,4.0,True,True,True,True,True,,Yahoo/pilot,data/raw/yahoo/YSXT.parquet,True,1.0,0.0746435297195571,2025-03-18,0.0746435297195571
AVR_20241213,AVR,Anteris Technologies Global Corp.,2024-12-13,88800000.0,6.0,True,True,True,True,True,,Yahoo/pilot,data/raw/yahoo/AVR.parquet,True,1.0,-0.0689928885168501,2025-03-13,-0.0689928885168501
NTCL_20241213,NTCL,NetClass Technology Inc,2024-12-13,9000000.0,5.0,True,True,True,True,True,,Yahoo/pilot,data/raw/yahoo/NTCL.parquet,True,0.02,0.0,2025-03-13,0.0
TTAN_20241212,TTAN,"ServiceTitan, Inc.",2024-12-12,624800000.0,71.0,True,True,True,True,True,,Yahoo/pilot,data/raw/yahoo/TTAN.parquet,True,1.0,0.3524406397999441,2025-03-12,0.3524406397999441
NAMI_20241206,NAMI,Jinxin Technology Holding Company,2024-12-06,5000000.0,4.0,True,True,True,True,True,,Yahoo/pilot,data/raw/yahoo/NAMI.parquet,True,0.04,0.1043600153242428,2025-03-06,0.1043600153242428
LNKS_20241205,LNKS,Linkers Industries Limited,2024-12-05,7600000.0,4.0,True,True,True,True,True,,Yahoo/pilot,data/raw/yahoo/LNKS.parquet,True,0.004,0.0792731808945078,2025-03-05,0.0792731808945078
ZSPC_20241205,ZSPC,"zSpace, Inc.",2024-12-05,9375000.0,5.0,True,True,True,True,True,,Yahoo/pilot,data/raw/yahoo/ZSPC.parquet,True,0.04,1.4816045409242156,2025-03-05,1.4816045409242156
JUNS_20241203,JUNS,"Jupiter Neurosciences, Inc.",2024-12-03,11000000.0,4.0,True,True,True,True,True,,Yahoo/pilot,data/raw/yahoo/JUNS.parquet,True,0.0133333333333333,0.3166338944015487,2025-03-03,0.3166338944015487
BRIA_20241127,BRIA,BrilliA Inc,2024-11-27,10000000.0,4.0,True,True,True,True,True,,Yahoo/pilot,data/raw/yahoo/BRIA.parquet,True,1.0,0.0,2025-02-26,0.0
GRO_20241127,GRO,Brazil Potash Corp.,2024-11-27,30000000.0,15.0,True,True,True,True,True,,Yahoo/pilot,data/raw/yahoo/GRO.parquet,True,1.0,-0.104620032188442,2025-02-26,-0.104620032188442
PONY_20241127,PONY,Pony AI Inc.,2024-11-27,260000000.0,13.0,True,True,True,True,True,,Yahoo/pilot,data/raw/yahoo/PONY.parquet,True,1.0,-0.0800427076735363,2025-02-26,-0.0800427076735363
CGTL_20241126,CGTL,Creative Global Technology Holdings Limited,2024-11-26,5000000.0,4.0,True,True,True,True,True,,Yahoo/pilot,data/raw/yahoo/CGTL.parquet,True,0.0666666666666666,-0.0227569611059259,2025-02-25,-0.0227569611059259
WYHG_20241126,WYHG,Wing Yip Food Holdings Group Limited,2024-11-26,8200000.0,4.0,True,True,True,True,True,,Yahoo/pilot,data/raw/yahoo/WYHG.parquet,True,0.25,0.0582688541424092,2025-02-25,0.0582688541424092
IPST_20241122,IPST,"IP Strategy Holdings, Inc.",2024-11-22,,4.0,True,True,True,True,False,missing_positive_proceeds,Yahoo/pilot,data/raw/yahoo/IPST.parquet,False,1.0,,2025-02-21,5.8289456176102075
PMA_20241122,PMA,Ming Shing Group Holdings Limited,2024-11-22,,,True,True,True,True,False,missing_positive_proceeds;missing_positive_offer_price,Yahoo/pilot,data/raw/yahoo/PMA.parquet,False,1.0,,2025-02-21,
DYNC_20241121,DYNC,Dynamix Corporation,2024-11-21,,,True,True,False,False,False,missing_positive_proceeds;missing_positive_offer_price;incomplete_prices;incomplete_volume,Yahoo/pilot,data/raw/yahoo/DYNC.parquet,False,1.0,,2025-02-20,
NOEM_20241121,NOEM,CO2 Energy Transition Corp.,2024-11-21,,10.0,True,True,False,False,False,missing_positive_proceeds;incomplete_prices;incomplete_volume,Yahoo/pilot,data/raw/yahoo/NOEM.parquet,False,1.0,,2025-02-20,
GELS_20241029,GELS,Gelteq Limited,2024-10-29,5200000.0,4.0,True,True,True,True,True,,Yahoo/pilot,data/raw/yahoo/GELS.parquet,True,1.0,-0.3078847603065594,2025-01-27,-0.3078847603065594
PLRZ_20241029,PLRZ,Polyrizon Ltd.,2024-10-29,4199995.0,4.38,True,True,True,True,True,,Yahoo/pilot,data/raw/yahoo/PLRZ.parquet,True,0.0006666666666666,-1.0387937934571996,2025-01-27,-1.0387937934571996
SEPN_20241025,SEPN,"Septerna, Inc.",2024-10-25,288000000.0,18.0,True,True,True,True,True,,Yahoo/pilot,data/raw/yahoo/SEPN.parquet,True,1.0,0.1730191463059527,2025-01-23,0.1730191463059527
WRD_20241025,WRD,WeRide Inc.,2024-10-25,120007200.0,15.5,True,True,True,True,True,,Yahoo/pilot,data/raw/yahoo/WRD.parquet,True,1.0,0.0655460317988092,2025-01-23,0.0655460317988092
INGM_20241024,INGM,Ingram Micro Holding Corporation,2024-10-24,409200000.0,22.0,True,True,True,True,True,,Yahoo/pilot,data/raw/yahoo/INGM.parquet,True,1.0,0.1117040050869006,2025-01-22,0.1117040050869006
FGL_20241023,FGL,Founder Group Limited,2024-10-23,4875000.0,4.0,True,True,True,True,True,,Yahoo/pilot,data/raw/yahoo/FGL.parquet,True,0.0001,-0.2357223335210698,2025-01-21,-0.2357223335210698
LBGJ_20241023,LBGJ,Li Bang International Corporation Inc.,2024-10-23,6080000.0,4.0,True,True,True,True,True,,Yahoo/pilot,data/raw/yahoo/LBGJ.parquet,True,5e-05,0.0246926125903716,2025-01-21,0.0246926125903716
ROLR_20241023,ROLR,"High Roller Technologies, Inc.",2024-10-23,10000000.0,8.0,True,True,True,True,True,,Yahoo/pilot,data/raw/yahoo/ROLR.parquet,True,1.0,-0.0266006866940946,2025-01-21,-0.0266006866940946
SAG_20241023,SAG,SAG Holdings Limited,2024-10-23,7000000.0,8.0,True,True,False,False,False,missing_split_unit_validation;incomplete_prices;incomplete_volume,Yahoo/pilot,data/raw/yahoo/SAG.parquet,False,1.0,,2025-01-21,
ALDF_20241022,ALDF,Aldel Financial II Inc.,2024-10-22,,10.0,True,True,False,False,False,missing_positive_proceeds;incomplete_prices;incomplete_volume,Yahoo/pilot,data/raw/yahoo/ALDF.parquet,False,1.0,,2025-01-17,
HUHU_20241022,HUHU,HUHUTECH International Group Inc.,2024-10-22,4200000.0,4.0,True,True,True,True,True,,Yahoo/pilot,data/raw/yahoo/HUHU.parquet,True,1.0,0.0271286998735086,2025-01-17,0.0271286998735086
ORIS_20241017,ORIS,Oriental Rise Holdings Limited,2024-10-17,7000000.0,4.0,True,True,False,False,False,missing_split_unit_validation;incomplete_prices;incomplete_volume,Yahoo/pilot,data/raw/yahoo/ORIS.parquet,False,1.0,,2025-01-14,
SPHL_20241017,SPHL,Springview Holdings Ltd,2024-10-17,6000000.0,4.0,True,True,True,True,False,missing_split_unit_validation;unverified_nasdaq_adjustment,Nasdaq/historical,data/raw/check2/recovered_nasdaq_SPHL_20241017.parquet,False,1.0,,2025-01-14,2.1400661634962708
PTLE_20241016,PTLE,PTL Limited,2024-10-16,5000000.0,4.0,True,True,True,True,True,,Yahoo/pilot,data/raw/yahoo/PTLE.parquet,True,0.0125,0.017348657080054,2025-01-13,0.017348657080054
SFHG_20241015,SFHG,Samfine Creation Holdings Group Limited,2024-10-15,8000000.0,4.0,True,True,True,True,True,,Yahoo/pilot,data/raw/yahoo/SFHG.parquet,True,0.2,0.2814124594381856,2025-01-10,0.2814124594381856
CAMP_20241011,CAMP,Camp4 Therapeutics Corporation,2024-10-11,75020000.0,11.0,True,True,True,True,True,,Yahoo/pilot,data/raw/yahoo/CAMP.parquet,True,1.0,-0.0257840922463111,2025-01-07,-0.0257840922463111
CBLL_20241011,CBLL,"CeriBell, Inc.",2024-10-11,180303020.0,17.0,True,True,True,True,True,,Yahoo/pilot,data/raw/yahoo/CBLL.parquet,True,1.0,0.3856624808119847,2025-01-07,0.3856624808119847
STFS_20241011,STFS,Star Fashion Culture Holdings Limited,2024-10-11,8600000.0,4.0,True,True,True,True,True,,Yahoo/pilot,data/raw/yahoo/STFS.parquet,True,0.025,-0.2045672125473768,2025-01-07,-0.2045672125473768
UPB_20241011,UPB,"Upstream Bio, Inc.",2024-10-11,255000000.0,17.0,True,True,True,True,True,,Yahoo/pilot,data/raw/yahoo/UPB.parquet,True,1.0,0.2578291093020998,2025-01-07,0.2578291093020998
CLIK_20241009,CLIK,Click Holdings Limited,2024-10-09,5600000.0,4.0,True,True,True,True,True,,Yahoo/pilot,data/raw/yahoo/CLIK.parquet,True,0.0333333333333333,-0.4155154824939622,2025-01-03,-0.4155154824939622
KLC_20241009,KLC,"KinderCare Learning Companies, Inc.",2024-10-09,576000000.0,24.0,True,True,True,True,True,,Yahoo/pilot,data/raw/yahoo/KLC.parquet,True,1.0,0.0850302170669553,2025-01-03,0.0850302170669553
SKK_20241008,SKK,SKK Holdings Limited,2024-10-08,10000000.0,4.0,True,True,True,True,True,,Yahoo/pilot,data/raw/yahoo/SKK.parquet,True,0.1,0.4137639109228596,2025-01-02,0.4137639109228596
CBNA_20241004,CBNA,"Chain Bridge Bancorp, Inc.",2024-10-04,40700000.0,22.0,True,True,True,True,True,,Yahoo/pilot,data/raw/yahoo/CBNA.parquet,True,1.0,-0.0370412356926396,2024-12-30,-0.0370412356926396
FLX_20241004,FLX,BingEx Limited,2024-10-04,66000000.0,16.5,True,True,True,True,True,,Yahoo/pilot,data/raw/yahoo/FLX.parquet,True,1.0,0.0875667909899268,2024-12-30,0.0875667909899268
FVR_20241002,FVR,"FrontView REIT, Inc.",2024-10-02,250800000.0,19.0,True,True,True,True,True,,Yahoo/pilot,data/raw/yahoo/FVR.parquet,True,1.0,-0.0148465447967765,2024-12-26,-0.0148465447967765
SARO_20241002,SARO,"StandardAero, Inc.",2024-10-02,1440000000.0,24.0,True,True,True,True,True,,Yahoo/pilot,data/raw/yahoo/SARO.parquet,True,1.0,0.3108491317333152,2024-12-26,0.3108491317333152
WCT_20241002,WCT,Wellchange Holdings Company Limited,2024-10-02,8000000.0,4.0,True,True,True,True,True,,Yahoo/pilot,data/raw/yahoo/WCT.parquet,True,0.02,0.0271286673882526,2024-12-26,0.0271286673882526
HTLM_20241001,HTLM,HomesToLife Ltd.,2024-10-01,5000000.0,4.0,True,True,True,True,True,,Yahoo/pilot,data/raw/yahoo/HTLM.parquet,True,1.0,0.0049875367663907,2024-12-24,0.0049875367663907
ZJK_20240930,ZJK,"ZJK Industrial Co., Ltd.",2024-09-30,6250000.0,5.0,True,True,True,True,True,,Yahoo/pilot,data/raw/yahoo/ZJK.parquet,True,1.0,0.0,2024-12-23,0.0
BIOA_20240926,BIOA,"BioAge Labs, Inc.",2024-09-26,198000000.0,18.0,True,True,True,True,True,,Yahoo/pilot,data/raw/yahoo/BIOA.parquet,True,1.0,0.0170755716227163,2024-12-19,0.0170755716227163
BKV_20240926,BKV,BKV Corporation,2024-09-26,270000000.0,18.0,True,True,True,True,True,,Yahoo/pilot,data/raw/yahoo/BKV.parquet,True,1.0,0.0,2024-12-19,0.0
GRDN_20240926,GRDN,"Guardian Pharmacy Services, Inc.",2024-09-26,112000000.0,14.0,True,True,True,True,True,,Yahoo/pilot,data/raw/yahoo/GRDN.parquet,True,1.0,0.1335313926245225,2024-12-19,0.1335313926245225
IBG_20240926,IBG,Innovation Beverage Group Limited,2024-09-26,5400000.0,4.0,True,True,True,True,True,,Yahoo/pilot,data/raw/yahoo/IBG.parquet,True,0.04,-0.3147107448397001,2024-12-19,-0.3147107448397001
LGCY_20240926,LGCY,Legacy Education Inc.,2024-09-26,10000000.0,4.0,True,True,True,True,True,,Yahoo/pilot,data/raw/yahoo/LGCY.parquet,True,1.0,0.0049875367663907,2024-12-19,0.0049875367663907
PC_20240925,PC,Premium Catering (Holdings) Limited,2024-09-25,9500000.0,4.75,True,True,True,True,True,,Yahoo/pilot,data/raw/yahoo/PC.parquet,True,0.1111111111111111,-0.2444209634342448,2024-12-18,-0.2444209634342448
GLE_20240920,GLE,Global Engine Group Holding Limited,2024-09-20,8000000.0,4.0,True,True,True,True,True,,Yahoo/pilot,data/raw/yahoo/GLE.parquet,True,1.0,0.0440168443494584,2024-12-13,0.0440168443494584
IBO_20240916,IBO,Impact BioMedical Inc.,2024-09-16,4500000.0,3.0,True,True,True,True,True,,Yahoo/pilot,data/raw/yahoo/IBO.parquet,True,1.0,-0.1127954692359409,2024-12-09,-0.1127954692359409
KAPA_20240916,KAPA,"Kairos Pharma, Ltd.",2024-09-16,6200000.0,4.0,True,True,True,True,True,,Yahoo/pilot,data/raw/yahoo/KAPA.parquet,True,0.1428571428571428,-0.430782874172705,2024-12-09,-0.430782874172705
BCAX_20240913,BCAX,Bicara Therapeutics Inc.,2024-09-13,315000000.0,18.0,True,True,True,True,True,,Yahoo/pilot,data/raw/yahoo/BCAX.parquet,True,1.0,0.2627915170885901,2024-12-06,0.2627915170885901
MBX_20240913,MBX,"MBX Biosciences, Inc.",2024-09-13,163200000.0,16.0,True,True,True,True,True,,Yahoo/pilot,data/raw/yahoo/MBX.parquet,True,1.0,0.3907743765683624,2024-12-06,0.3907743765683624
ZBIO_20240913,ZBIO,"Zenas BioPharma, Inc.",2024-09-13,224999998.0,17.0,True,True,True,True,True,,Yahoo/pilot,data/raw/yahoo/ZBIO.parquet,True,1.0,0.0654571956370276,2024-12-06,0.0654571956370276
GLXG_20240912,GLXG,Galaxy Payroll Group Limited,2024-09-12,7000000.0,4.0,True,True,True,True,True,,Yahoo/pilot,data/raw/yahoo/GLXG.parquet,True,0.1,0.1066097350582582,2024-12-05,0.1066097350582582
TDTH_20240910,TDTH,Trident Digital Tech Holdings Ltd,2024-09-10,9000000.0,5.0,True,True,True,True,True,,Yahoo/pilot,data/raw/yahoo/TDTH.parquet,True,0.0333333333333333,-0.2665730959614857,2024-12-03,-0.2665730959614857
XCH_20240910,XCH,XCHG Limited,2024-09-10,20666677.0,6.2,True,True,True,True,True,,Yahoo/pilot,data/raw/yahoo/XCH.parquet,True,0.05,0.1715106199576885,2024-12-03,0.1715106199576885
ITOC_20240905,ITOC,iTonic Holdings Ltd.,2024-09-05,,,True,True,True,True,False,missing_positive_proceeds;missing_positive_offer_price,Yahoo/pilot,data/raw/yahoo/ITOC.parquet,False,1.0,,2024-11-27,
PMAX_20240905,PMAX,Powell Max Limited,2024-09-05,5707000.0,4.0,True,True,True,True,True,,Yahoo/pilot,data/raw/yahoo/PMAX.parquet,True,0.0125,0.0,2024-11-27,0.0
AZI_20240828,AZI,Autozi Internet Technology (Global) Ltd.,2024-08-28,10000000.0,4.0,True,True,True,True,True,,Yahoo/pilot,data/raw/yahoo/AZI.parquet,True,0.002,-0.4231200433468851,2024-11-20,-0.4231200433468851
SPAI_20240828,SPAI,Safe Pro Group Inc.,2024-08-28,5100000.0,5.0,True,True,True,True,True,,Yahoo/pilot,data/raw/yahoo/SPAI.parquet,True,1.0,-0.1578240896604258,2024-11-20,-0.1578240896604258
JBDI_20240827,JBDI,JBDI Holdings Limited,2024-08-27,11250000.0,5.0,True,True,True,True,True,,Yahoo/pilot,data/raw/yahoo/JBDI.parquet,True,0.5,0.7050757401168278,2024-11-19,0.7050757401168278
RITR_20240823,RITR,Reitar Logtech Holdings Limited,2024-08-23,8500000.0,4.0,True,True,True,True,True,,Yahoo/pilot,data/raw/yahoo/RITR.parquet,True,1.0,0.03681399610282,2024-11-15,0.03681399610282
WOK_20240823,WOK,WORK Medical Technology Group LTD,2024-08-23,8000000.0,4.0,True,True,True,True,True,,Yahoo/pilot,data/raw/yahoo/WOK.parquet,True,1.0000000000000002e-06,-0.1053605156578261,2024-11-15,-0.1053605156578261
YXT_20240816,YXT,YXT.COM Group Holding Limited,2024-08-16,25003000.0,11.0,True,True,True,True,True,,Yahoo/pilot,data/raw/yahoo/YXT.parquet,True,0.1,-0.0933122075983169,2024-11-08,-0.0933122075983169
ACTU_20240813,ACTU,"Actuate Therapeutics, Inc.",2024-08-13,22400000.0,8.0,True,True,True,True,True,,Yahoo/pilot,data/raw/yahoo/ACTU.parquet,True,1.0,0.0734827368849184,2024-11-05,0.0734827368849184
OSTX_20240801,OSTX,OS Therapies Incorporated,2024-08-01,6400000.0,4.0,True,True,True,True,True,,Yahoo/pilot,data/raw/yahoo/OSTX.parquet,True,1.0,-0.4660116117756974,2024-10-24,-0.4660116117756974
NIPG_20240726,NIPG,NIP Group Inc.,2024-07-26,20250000.0,9.0,True,True,True,True,True,,Yahoo/pilot,data/raw/yahoo/NIPG.parquet,True,0.0333333333333333,0.0022197792938026,2024-10-18,0.0022197792938026
CON_20240725,CON,"Concentra Group Holdings Parent, Inc.",2024-07-25,528750000.0,23.5,True,True,False,False,False,missing_split_unit_validation;incomplete_prices;incomplete_volume,Yahoo/pilot,data/raw/yahoo/CON.parquet,False,1.0,,2024-10-17,
LINE_20240725,LINE,"Lineage, Inc.",2024-07-25,4436799978.0,78.0,True,True,True,True,True,,Yahoo/pilot,data/raw/yahoo/LINE.parquet,True,1.0,0.0350205683342226,2024-10-17,0.0350205683342226
ORKT_20240725,ORKT,Orangekloud Technology Inc.,2024-07-25,13062500.0,4.75,True,True,True,True,True,,Yahoo/pilot,data/raw/yahoo/ORKT.parquet,True,0.25,0.1823215233316973,2024-10-17,0.1823215233316973
BLMZ_20240724,BLMZ,BloomZ Inc.,2024-07-24,5375000.0,4.3,True,True,False,False,False,missing_split_unit_validation;incomplete_prices;incomplete_volume,Yahoo/pilot,data/raw/yahoo/BLMZ.parquet,False,1.0,,2024-10-16,
OS_20240724,OS,"OneStream, Inc.",2024-07-24,490000000.0,20.0,True,True,False,False,False,missing_split_unit_validation;incomplete_prices;incomplete_volume,Yahoo/pilot,data/raw/yahoo/OS.parquet,False,1.0,,2024-10-16,
ZDAI_20240723,ZDAI,"DirectBooking Technology Co., Ltd.",2024-07-23,,,True,True,True,True,False,missing_positive_proceeds;missing_positive_offer_price,Yahoo/pilot,data/raw/yahoo/ZDAI.parquet,False,1.0,,2024-10-15,
ARTV_20240719,ARTV,"Artiva Biotherapeutics, Inc.",2024-07-19,167040000.0,12.0,True,True,True,True,True,,Yahoo/pilot,data/raw/yahoo/ARTV.parquet,True,1.0,0.0,2024-10-11,0.0
QMMM_20240719,QMMM,QMMM Holdings Limited,2024-07-19,8600000.0,4.0,True,True,False,False,False,missing_split_unit_validation;incomplete_prices;incomplete_volume,Yahoo/pilot,data/raw/yahoo/QMMM.parquet,False,1.0,,2024-10-11,
ARDT_20240718,ARDT,"Ardent Health, Inc.",2024-07-18,192000000.0,16.0,True,True,True,True,True,,Yahoo/pilot,data/raw/yahoo/ARDT.parquet,True,1.0,0.0037429530249348,2024-10-10,0.0037429530249348
TWFG_20240718,TWFG,"TWFG, Inc.",2024-07-18,187000000.0,17.0,True,True,True,True,True,,Yahoo/pilot,data/raw/yahoo/TWFG.parquet,True,1.0,0.2582835618811472,2024-10-10,0.2582835618811472
ICON_20240712,ICON,Icon Energy Corp.,2024-07-12,5000000.0,4.0,True,True,True,True,True,,Yahoo/pilot,data/raw/yahoo/ICON.parquet,True,0.005,-0.0779615414697117,2024-10-04,-0.0779615414697117
EHGO_20240702,EHGO,Eshallgo Inc.,2024-07-02,5000000.0,4.0,True,True,True,True,True,,Yahoo/pilot,data/raw/yahoo/EHGO.parquet,True,0.0625,-0.2045671686666557,2024-09-25,-0.2045671686666557
ALMS_20240628,ALMS,Alumis Inc.,2024-06-28,210000000.0,16.0,True,True,True,True,True,,Yahoo/pilot,data/raw/yahoo/ALMS.parquet,True,1.0,-0.184824672671106,2024-09-23,-0.184824672671106
LB_20240628,LB,LandBridge Company LLC,2024-06-28,246500000.0,17.0,True,True,True,True,True,,Yahoo/pilot,data/raw/yahoo/LB.parquet,True,1.0,0.3087814199978529,2024-09-23,0.3087814199978529
QNME_20240628,QNME,"Quanome Technologies, Inc.",2024-06-28,,,True,True,True,True,False,missing_positive_proceeds;missing_positive_offer_price,Yahoo/pilot,data/raw/yahoo/QNME.parquet,False,1.0,,2024-09-23,
TBN_20240627,TBN,Tamboran Resources Corporation,2024-06-27,75000000.0,24.0,True,True,True,True,True,,Yahoo/pilot,data/raw/yahoo/TBN.parquet,True,1.0,-0.0984400728132525,2024-09-20,-0.0984400728132525
WBTN_20240627,WBTN,WEBTOON Entertainment Inc.,2024-06-27,315000000.0,21.0,True,True,True,True,True,,Yahoo/pilot,data/raw/yahoo/WBTN.parquet,True,1.0,0.0909717782057267,2024-09-20,0.0909717782057267
TONT_20240626,TONT,Graf Global Corp.,2024-06-26,,,True,True,False,False,False,missing_positive_proceeds;missing_positive_offer_price;incomplete_prices;incomplete_volume,Yahoo/pilot,data/raw/yahoo/TONT.parquet,False,1.0,,2024-09-19,
RECT_20240621,RECT,Rectitude Holdings Ltd,2024-06-21,8000000.0,4.0,True,True,True,True,True,,Yahoo/pilot,data/raw/yahoo/RECT.parquet,True,1.0,-0.0253177835311025,2024-09-16,-0.0253177835311025
TEM_20240614,TEM,"Tempus AI, Inc.",2024-06-14,410700000.0,37.0,True,True,True,True,True,,Yahoo/pilot,data/raw/yahoo/TEM.parquet,True,1.0,0.084192091220348,2024-09-10,0.084192091220348
RAPP_20240607,RAPP,"Rapport Therapeutics, Inc.",2024-06-07,136000000.0,17.0,True,True,True,True,True,,Yahoo/pilot,data/raw/yahoo/RAPP.parquet,True,1.0,0.2017396059712742,2024-09-03,0.2017396059712742
WAY_20240607,WAY,Waystar Holding Corp.,2024-06-07,967500000.0,21.5,True,True,True,True,True,,Yahoo/pilot,data/raw/yahoo/WAY.parquet,True,1.0,-0.037919198005316,2024-09-03,-0.037919198005316
FLYE_20240606,FLYE,"Fly-E Group, Inc.",2024-06-06,9000000.0,4.0,True,True,True,True,True,,Yahoo/pilot,data/raw/yahoo/FLYE.parquet,True,0.01,0.1781461853834742,2024-08-30,0.1781461853834742
GAUZ_20240606,GAUZ,Gauzy Ltd.,2024-06-06,75000005.0,17.0,True,True,True,True,True,,Yahoo/pilot,data/raw/yahoo/GAUZ.parquet,True,1.0,-0.0328878204655382,2024-08-30,-0.0328878204655382
NAKA_20240531,NAKA,Nakamoto Inc.,2024-05-31,,,True,True,True,True,False,missing_positive_proceeds;missing_positive_offer_price,Yahoo/pilot,data/raw/yahoo/NAKA.parquet,False,1.0,,2024-08-26,
BOW_20240523,BOW,Bowhead Specialty Holdings Inc.,2024-05-23,128000004.0,17.0,True,True,True,True,True,,Yahoo/pilot,data/raw/yahoo/BOW.parquet,True,1.0,0.3364722045649328,2024-08-19,0.3364722045649328
HDL_20240517,HDL,Super Hi International Holding Ltd.,2024-05-17,52669212.0,19.56,True,True,True,True,True,,Yahoo/pilot,data/raw/yahoo/HDL.parquet,True,1.0,0.1306515238645617,2024-08-13,0.1306515238645617
JDZG_20240515,JDZG,JIADE Limited,2024-05-15,8000000.0,4.0,True,True,True,True,True,,Yahoo/pilot,data/raw/yahoo/JDZG.parquet,True,0.0005,0.017348638334613,2024-08-09,0.017348638334613
RAY_20240515,RAY,Raytech Holding Limited,2024-05-15,6000000.0,4.0,True,True,True,True,True,,Yahoo/pilot,data/raw/yahoo/RAY.parquet,True,0.0625,0.0559076364473943,2024-08-09,0.0559076364473943
BTOC_20240514,BTOC,Armlogi Holding Corp.,2024-05-14,8000000.0,5.0,True,True,True,True,True,,Yahoo/pilot,data/raw/yahoo/BTOC.parquet,True,1.0,-0.0790432321112147,2024-08-08,-0.0790432321112147
ZK_20240510,ZK,ZEEKR Intelligent Technology Holding Limited,2024-05-10,441000000.0,21.0,True,True,False,False,False,missing_split_unit_validation;incomplete_prices;incomplete_volume,Yahoo/pilot,data/raw/yahoo/ZK.parquet,False,1.0,,2024-08-06,
PAL_20240509,PAL,"Proficient Auto Logistics, Inc.",2024-05-09,214999995.0,15.0,True,True,True,True,True,,Yahoo/pilot,data/raw/yahoo/PAL.parquet,True,1.0,-0.0168071183163812,2024-08-05,-0.0168071183163812
SVCO_20240509,SVCO,"Silvaco Group, Inc.",2024-05-09,114000000.0,19.0,True,True,True,True,True,,Yahoo/pilot,data/raw/yahoo/SVCO.parquet,True,1.0,0.0412429200017527,2024-08-05,0.0412429200017527
NNE_20240508,NNE,NANO Nuclear Energy Inc.,2024-05-08,10250000.0,4.0,True,True,True,True,True,,Yahoo/pilot,data/raw/yahoo/NNE.parquet,True,1.0,0.2604393470830431,2024-08-02,0.2604393470830431
VIK_20240501,VIK,Viking Holdings Ltd,2024-05-01,1537000032.0,24.0,True,True,True,True,True,,Yahoo/pilot,data/raw/yahoo/VIK.parquet,True,1.0,0.0838814985964004,2024-07-26,0.0838814985964004
ZONE_20240426,ZONE,Zone Frontier Inc.,2024-04-26,5000000.0,4.0,True,True,True,True,True,,Yahoo/pilot,data/raw/yahoo/ZONE.parquet,True,1.0,-0.1335313926245226,2024-07-23,-0.1335313926245226
LOAR_20240425,LOAR,Loar Holdings Inc.,2024-04-25,308000000.0,28.0,True,True,True,True,True,,Yahoo/pilot,data/raw/yahoo/LOAR.parquet,True,1.0,0.5555257870498923,2024-07-22,0.5555257870498923
MRX_20240425,MRX,Marex Group Limited,2024-04-25,292307685.0,19.0,True,True,True,True,True,,Yahoo/pilot,data/raw/yahoo/MRX.parquet,True,1.0,-0.000526466395002,2024-07-22,-0.000526466395002
RBRK_20240425,RBRK,"Rubrik, Inc.",2024-04-25,752000000.0,32.0,True,True,True,True,True,,Yahoo/pilot,data/raw/yahoo/RBRK.parquet,True,1.0,0.1451820098444979,2024-07-22,0.1451820098444979
NCI_20240423,NCI,Neo-Concept International Group Holdings Limited,2024-04-23,9280000.0,4.0,True,True,True,True,True,,Yahoo/pilot,data/raw/yahoo/NCI.parquet,True,0.025,0.8649974374866045,2024-07-18,0.8649974374866045
MFI_20240422,MFI,mF International Limited,2024-04-22,7500002.0,4.5,True,True,True,True,True,,Yahoo/pilot,data/raw/yahoo/MFI.parquet,True,0.125,1.004708523697766,2024-07-17,1.004708523697766
YFOR_20240422,YFOR,YYForce Inc.,2024-04-22,,,True,True,True,True,False,missing_positive_proceeds;missing_positive_offer_price,Yahoo/chart retry,data/raw/check2/recovered_YFOR_20240422_YYGH.parquet,False,1.0,,2024-07-17,
TRSG_20240419,TRSG,Tungray Technologies Inc.,2024-04-19,5000000.0,4.0,True,True,True,True,True,,Yahoo/pilot,data/raw/yahoo/TRSG.parquet,True,1.0,0.3970968263813677,2024-07-16,0.3970968263813677
CDTG_20240418,CDTG,CDT Environmental Technology Investment Holdings Limited,2024-04-18,6000000.0,4.0,True,True,True,True,False,missing_split_unit_validation;unverified_nasdaq_adjustment,Nasdaq/historical,data/raw/check2/recovered_nasdaq_CDTG_20240418.parquet,False,1.0,,2024-07-15,3.0265039322207445
CTRI_20240418,CTRI,"Centuri Holdings, Inc.",2024-04-18,260400000.0,21.0,True,True,True,True,False,missing_split_unit_validation;unverified_nasdaq_adjustment,Nasdaq/historical,data/raw/check2/recovered_nasdaq_CTRI_20240418.parquet,False,1.0,,2024-07-15,0.0966080385199248
IBTA_20240418,IBTA,"Ibotta, Inc.",2024-04-18,577341600.0,88.0,True,True,True,True,False,missing_split_unit_validation;unverified_nasdaq_adjustment,Nasdaq/historical,data/raw/check2/recovered_nasdaq_IBTA_20240418.parquet,False,1.0,,2024-07-15,0.1598164173629357
MTEN_20240418,MTEN,Mingteng International Corporation Inc.,2024-04-18,4200000.0,4.0,True,True,True,True,False,missing_split_unit_validation;unverified_nasdaq_adjustment,Nasdaq/historical,data/raw/check2/recovered_nasdaq_MTEN_20240418.parquet,False,1.0,,2024-07-15,5.1647859739235145
JUNE_20240417,JUNE,Junee Limited,2024-04-17,8000000.0,4.0,True,True,False,False,False,missing_split_unit_validation;incomplete_prices;incomplete_volume,Yahoo/pilot,data/raw/yahoo/JUNE.parquet,False,1.0,,2024-07-12,
SUPX_20240417,SUPX,SuperX AI Technology Limited,2024-04-17,,,True,True,True,True,False,missing_positive_proceeds;missing_positive_offer_price,Yahoo/pilot,data/raw/yahoo/SUPX.parquet,False,1.0,,2024-07-12,
TWG_20240416,TWG,Top Wealth Group Holding Limited,2024-04-16,8000000.0,4.0,True,True,True,True,False,missing_split_unit_validation;unverified_nasdaq_adjustment,Nasdaq/historical,data/raw/check2/recovered_nasdaq_TWG_20240416.parquet,False,1.0,,2024-07-11,3.7763035063580856
ULS_20240412,ULS,UL Solutions Inc.,2024-04-12,946400000.0,28.0,True,True,True,True,True,,Yahoo/pilot,data/raw/yahoo/ULS.parquet,True,1.0,0.2214277552264409,2024-07-09,0.2214277552264409
PACS_20240411,PACS,"PACS Group, Inc.",2024-04-11,450000012.0,21.0,True,True,True,True,True,,Yahoo/pilot,data/raw/yahoo/PACS.parquet,True,1.0,0.0909717782057267,2024-07-08,0.0909717782057267
MNDR_20240410,MNDR,Mobile-health Network Solutions,2024-04-10,9000000.0,4.0,True,True,True,True,True,,Yahoo/pilot,data/raw/yahoo/MNDR.parquet,True,0.0041666666666666,0.5158131652770298,2024-07-05,0.5158131652770298
CTNM_20240405,CTNM,"Contineum Therapeutics, Inc.",2024-04-05,110000000.0,16.0,True,True,True,True,True,,Yahoo/pilot,data/raw/yahoo/CTNM.parquet,True,1.0,-0.0382212375909595,2024-07-01,-0.0382212375909595
MAMO_20240402,MAMO,Massimo Group,2024-04-02,5850000.0,4.5,True,True,True,True,True,,Yahoo/pilot,data/raw/yahoo/MAMO.parquet,True,1.0,-0.4021373211838429,2024-06-26,-0.4021373211838429
ZBAO_20240402,ZBAO,Zhibao Technology Inc.,2024-04-02,6000000.0,4.0,True,True,True,True,True,,Yahoo/pilot,data/raw/yahoo/ZBAO.parquet,True,1.0,-0.0779615285822211,2024-06-26,-0.0779615285822211
BOLD_20240328,BOLD,"Boundless Bio, Inc.",2024-03-28,100000000.0,16.0,True,True,True,True,True,,Yahoo/pilot,data/raw/yahoo/BOLD.parquet,True,1.0,-0.1158318155251217,2024-06-24,-0.1158318155251217
MF_20240328,MF,MindForge Inc.,2024-03-28,,,True,True,True,True,False,missing_positive_proceeds;missing_positive_offer_price,Yahoo/pilot,data/raw/yahoo/MF.parquet,False,1.0,,2024-06-24,
MMA_20240328,MMA,Mixed Martial Arts Group Limited,2024-03-28,6500000.0,5.0,True,True,True,True,True,,Yahoo/pilot,data/raw/yahoo/MMA.parquet,True,1.0,-0.1791267069647513,2024-06-24,-0.1791267069647513
AUNA_20240322,AUNA,Auna S.A.,2024-03-22,360000000.0,12.0,True,True,True,True,True,,Yahoo/pilot,data/raw/yahoo/AUNA.parquet,True,1.0,-0.2231435115777806,2024-06-17,-0.2231435115777806
LOBO_20240321,LOBO,Lobo Technologies Ltd.,2024-03-21,5520000.0,4.0,True,True,True,True,True,,Yahoo/pilot,data/raw/yahoo/LOBO.parquet,True,1.0,-0.1421397589160999,2024-06-14,-0.1421397589160999
RDDT_20240321,RDDT,"Reddit, Inc.",2024-03-21,748000000.0,34.0,True,True,True,True,True,,Yahoo/pilot,data/raw/yahoo/RDDT.parquet,True,1.0,0.3944239592543275,2024-06-14,0.3944239592543275
ALAB_20240320,ALAB,"Astera Labs, Inc.",2024-03-20,712800000.0,36.0,True,True,True,True,True,,Yahoo/pilot,data/raw/yahoo/ALAB.parquet,True,1.0,0.5440991808496781,2024-06-13,0.5440991808496781
INTJ_20240320,INTJ,Intelligent Group Limited,2024-03-20,7500000.0,4.0,True,True,True,True,True,,Yahoo/pilot,data/raw/yahoo/INTJ.parquet,True,0.05,-0.192371892647456,2024-06-13,-0.192371892647456
RYDE_20240306,RYDE,Ryde Group Ltd,2024-03-06,12000000.0,4.0,True,True,True,True,True,,Yahoo/pilot,data/raw/yahoo/RYDE.parquet,True,1.0,0.0,2024-05-30,0.0
LGCL_20240305,LGCL,Lucas GC Limited,2024-03-05,6000000.0,4.0,True,True,True,True,True,,Yahoo/pilot,data/raw/yahoo/LGCL.parquet,True,0.0002,-0.1025865887751009,2024-05-29,-0.1025865887751009
SMXT_20240227,SMXT,"SolarMax Technology, Inc.",2024-02-27,18000000.0,4.0,True,True,True,True,True,,Yahoo/pilot,data/raw/yahoo/SMXT.parquet,True,0.0833333333333333,0.6931471805599453,2024-05-21,0.6931471805599453
VHAI_20240222,VHAI,Vocodia Holdings Corp,2024-02-22,,4.25,True,True,False,False,False,missing_positive_proceeds;incomplete_prices;incomplete_volume,Yahoo/pilot,data/raw/yahoo/VHAI.parquet,False,1.0,,2024-05-16,
CHRO_20240216,CHRO,Chromocell Therapeutics Corp,2024-02-16,6600000.0,6.0,True,True,False,False,False,missing_split_unit_validation;incomplete_prices;incomplete_volume,Yahoo/pilot,data/raw/yahoo/CHRO.parquet,False,1.0,,2024-05-13,
UMAC_20240214,UMAC,"Unusual Machines, Inc.",2024-02-14,5000000.0,4.0,True,True,True,True,True,,Yahoo/pilot,data/raw/yahoo/UMAC.parquet,True,1.0,-0.2777317510409328,2024-05-09,-0.2777317510409328
MGX_20240209,MGX,"Metagenomi Therapeutics, Inc.",2024-02-09,93750000.0,15.0,True,True,True,True,True,,Yahoo/pilot,data/raw/yahoo/MGX.parquet,True,1.0,-0.3749358623733714,2024-05-06,-0.3749358623733714
TBBB_20240209,TBBB,BBB Foods Inc.,2024-02-09,589060308.0,17.5,True,True,True,True,True,,Yahoo/pilot,data/raw/yahoo/TBBB.parquet,True,1.0,0.0848661805939256,2024-05-06,0.0848661805939256
TELO_20240209,TELO,"Telomir Pharmaceuticals, Inc.",2024-02-09,7000000.0,7.0,True,True,True,True,True,,Yahoo/pilot,data/raw/yahoo/TELO.parquet,True,1.0,-0.3364722366212129,2024-05-06,-0.3364722366212129
KYTX_20240208,KYTX,"Kyverna Therapeutics, Inc.",2024-02-08,319000000.0,22.0,True,True,True,True,False,missing_split_unit_validation;unverified_nasdaq_adjustment,Nasdaq/historical,data/raw/check2/recovered_nasdaq_KYTX_20240208.parquet,False,1.0,,2024-05-03,0.3101549283038394
PMNT_20240208,PMNT,Perfect Moment Ltd.,2024-02-08,8004000.0,6.0,True,True,True,True,True,,Yahoo/pilot,data/raw/yahoo/PMNT.parquet,True,1.0,-0.1431008803204553,2024-05-03,-0.1431008803204553
AHR_20240207,AHR,"American Healthcare REIT, Inc.",2024-02-07,672000000.0,12.0,True,True,True,True,True,,Yahoo/pilot,data/raw/yahoo/AHR.parquet,True,1.0,0.0968242048343906,2024-05-02,0.0968242048343906
ANRO_20240202,ANRO,"Alto Neuroscience, Inc.",2024-02-02,128640000.0,16.0,True,True,True,True,True,,Yahoo/pilot,data/raw/yahoo/ANRO.parquet,True,1.0,0.2575450148885199,2024-04-29,0.2575450148885199
GUTS_20240202,GUTS,"Fractyl Health, Inc.",2024-02-02,109999995.0,15.0,True,True,True,True,True,,Yahoo/pilot,data/raw/yahoo/GUTS.parquet,True,1.0,-0.1547063600746216,2024-04-29,-0.1547063600746216
AS_20240201,AS,"Amer Sports, Inc.",2024-02-01,1365000000.0,13.0,True,True,True,True,True,,Yahoo/pilot,data/raw/yahoo/AS.parquet,True,1.0,0.0303053210274385,2024-04-26,0.0303053210274385
FBLG_20240131,FBLG,"FibroBiologics, Inc.",2024-01-31,144186780.0,30.0,True,True,True,True,True,,Yahoo/pilot,data/raw/yahoo/FBLG.parquet,True,0.05,-0.0304592074847084,2024-04-25,-0.0304592074847084
AVBP_20240126,AVBP,"ArriVent BioPharma, Inc.",2024-01-26,174999996.0,18.0,True,True,True,True,True,,Yahoo/pilot,data/raw/yahoo/AVBP.parquet,True,1.0,0.1053605156578263,2024-04-22,0.1053605156578263
BTSG_20240126,BTSG,"BrightSpring Health Services, Inc.",2024-01-26,693333342.0,13.0,True,True,True,True,True,,Yahoo/pilot,data/raw/yahoo/BTSG.parquet,True,1.0,-0.1670540846631662,2024-04-22,-0.1670540846631662
HAO_20240126,HAO,Haoxi Health Technology Limited,2024-01-26,9600000.0,4.0,True,True,True,True,True,,Yahoo/pilot,data/raw/yahoo/HAO.parquet,True,0.000390625,0.2776317221486685,2024-04-22,0.2776317221486685
CGON_20240125,CGON,"CG Oncology, Inc.",2024-01-25,380000000.0,19.0,True,True,True,True,True,,Yahoo/pilot,data/raw/yahoo/CGON.parquet,True,1.0,0.6710629558810918,2024-04-19,0.6710629558810918
YIBO_20240125,YIBO,Planet Image International Limited,2024-01-25,5000000.0,4.0,True,True,True,True,True,,Yahoo/pilot,data/raw/yahoo/YIBO.parquet,True,1.0,-0.3602527789593665,2024-04-19,-0.3602527789593665
JL_20240124,JL,J-Long Group Limited,2024-01-24,7000000.0,5.0,True,True,True,True,True,,Yahoo/pilot,data/raw/yahoo/JL.parquet,True,0.1,-1.9051521488922236,2024-04-18,-1.9051521488922236
SUGP_20240124,SUGP,SU Group Holdings Limited,2024-01-24,5000000.0,4.0,True,True,True,True,True,,Yahoo/pilot,data/raw/yahoo/SUGP.parquet,True,0.02,2.2204460492503126e-16,2024-04-18,2.2204460492503126e-16
KSPI_20240119,KSPI,Joint Stock Company Kaspi.kz,2024-01-19,1039600000.0,92.0,True,True,True,True,True,,Yahoo/pilot,data/raw/yahoo/KSPI.parquet,True,1.0,0.0422470783001283,2024-04-15,0.0422470783001283
CCTG_20240118,CCTG,CCSC Technology International Holdings Limited,2024-01-18,5500000.0,4.0,True,True,True,True,True,,Yahoo/pilot,data/raw/yahoo/CCTG.parquet,True,0.1,0.6549259677397475,2024-04-12,0.6549259677397475
SYNX_20240112,SYNX,Silynxcom Ltd.,2024-01-12,5000000.0,4.0,True,True,True,True,True,,Yahoo/pilot,data/raw/yahoo/SYNX.parquet,True,1.0,-0.1025866178344296,2024-04-09,-0.1025866178344296
SDHC_20240111,SDHC,Smith Douglas Homes Corp.,2024-01-11,161538468.0,21.0,True,True,True,True,True,,Yahoo/pilot,data/raw/yahoo/SDHC.parquet,True,1.0,0.1335313926245225,2024-04-08,0.1335313926245225
ROMA_20240109,ROMA,Roma Green Finance Limited,2024-01-09,12301840.0,4.0,True,True,True,True,True,,Yahoo/pilot,data/raw/yahoo/ROMA.parquet,True,1.0,-0.3215835912421416,2024-04-04,-0.3215835912421416
BEBE_20251219,BEBE,TGE Value Creative Solutions Corp,2025-12-19,,10.0,True,True,False,False,False,missing_positive_proceeds;incomplete_prices;incomplete_volume,Yahoo/pilot,data/raw/yahoo/BEBE.parquet,False,1.0,,2026-03-18,
ANDG_20251217,ANDG,Andersen Group Inc.,2025-12-17,176000000.0,16.0,True,True,True,True,True,,Yahoo/pilot,data/raw/yahoo/ANDG.parquet,True,1.0,0.384411698910332,2026-03-16,0.384411698910332
MDLN_20251217,MDLN,Medline Inc.,2025-12-17,6264999978.0,29.0,True,True,True,True,True,,Yahoo/pilot,data/raw/yahoo/MDLN.parquet,True,1.0,0.3462762367178337,2026-03-16,0.3462762367178337
WLTH_20251212,WLTH,Wealthfront Corporation,2025-12-12,484615376.0,14.0,True,True,True,True,False,missing_split_unit_validation;unverified_nasdaq_adjustment,Nasdaq/historical,data/raw/check2/recovered_nasdaq_WLTH_20251212.parquet,False,1.0,,2026-03-11,0.0134801615566926
LMRI_20251211,LMRI,"Lumexa Imaging Holdings, Inc.",2025-12-11,462500000.0,18.5,True,True,True,True,True,,Yahoo/pilot,data/raw/yahoo/LMRI.parquet,True,1.0,0.0010805218510147,2026-03-10,0.0010805218510147
CDNL_20251210,CDNL,Cardinal Infrastructure Group Inc.,2025-12-10,241500000.0,21.0,True,True,True,True,True,,Yahoo/pilot,data/raw/yahoo/CDNL.parquet,True,1.0,0.1124779834266903,2026-03-09,0.1124779834266903
JMG_20251210,JMG,JM Group Limited,2025-12-10,15000000.0,4.0,True,True,False,False,False,missing_split_unit_validation;incomplete_prices;incomplete_volume,Yahoo/pilot,data/raw/yahoo/JMG.parquet,False,1.0,,2026-03-09,
RGNT_20251204,RGNT,Regentis Biomaterials Ltd.,2025-12-04,10000000.0,8.0,True,True,True,True,True,,Yahoo/pilot,data/raw/yahoo/RGNT.parquet,True,1.0,-0.0645385211375711,2026-03-03,-0.0645385211375711
SMJF_20251204,SMJF,SMJ International Holdings Inc.,2025-12-04,10000000.0,4.0,True,True,True,True,True,,Yahoo/pilot,data/raw/yahoo/SMJF.parquet,True,1.0,0.1200028431445478,2026-03-03,0.1200028431445478
PARK_20251203,PARK,"Park Dental Partners, Inc.",2025-12-03,19955000.0,13.0,True,True,True,True,True,,Yahoo/pilot,data/raw/yahoo/PARK.parquet,True,1.0,-0.2376716518771195,2026-03-02,-0.2376716518771195
GLOO_20251119,GLOO,"Gloo Holdings, Inc.",2025-11-19,72800000.0,8.0,True,True,True,True,True,,Yahoo/pilot,data/raw/yahoo/GLOO.parquet,True,1.0,0.012422567093584,2026-02-17,0.012422567093584
NXB_20251113,NXB,NextBoat Inc.,2025-11-13,,,True,True,True,True,False,missing_positive_proceeds;missing_positive_offer_price,Yahoo/pilot,data/raw/yahoo/NXB.parquet,False,1.0,,2026-02-10,
POAS_20251113,POAS,Phaos Technology Holdings (Cayman) Limited,2025-11-13,14400360.0,4.0,True,True,True,True,True,,Yahoo/pilot,data/raw/yahoo/POAS.parquet,True,1.0,-0.0382212375909595,2026-02-10,-0.0382212375909595
AERO_20251106,AERO,"Grupo Aeroméxico, S.A.B. de C.V.",2025-11-06,222819175.0,19.0,True,True,True,True,True,,Yahoo/pilot,data/raw/yahoo/AERO.parquet,True,1.0,0.0686419514676045,2026-02-03,0.0686419514676045
BLLN_20251106,BLLN,"BillionToOne, Inc.",2025-11-06,273066000.0,60.0,True,True,True,True,True,,Yahoo/pilot,data/raw/yahoo/BLLN.parquet,True,1.0,0.5964527321439861,2026-02-03,0.5964527321439861
EVMN_20251106,EVMN,"Evommune, Inc.",2025-11-06,150000000.0,16.0,True,True,True,True,True,,Yahoo/pilot,data/raw/yahoo/EVMN.parquet,True,1.0,0.2345779063119105,2026-02-03,0.2345779063119105
ELWT_20251105,ELWT,"Elauwit Connection, Inc.",2025-11-05,15003000.0,9.0,True,True,True,True,True,,Yahoo/pilot,data/raw/yahoo/ELWT.parquet,True,1.0,-0.2231435778051633,2026-02-02,-0.2231435778051633
XZO_20251105,XZO,"Exzeo Group, Inc.",2025-11-05,168000000.0,21.0,True,True,True,True,True,,Yahoo/pilot,data/raw/yahoo/XZO.parquet,True,1.0,0.0004760880274333,2026-02-02,0.0004760880274333
BETA_20251104,BETA,"BETA Technologies, Inc.",2025-11-04,1014999994.0,34.0,True,True,True,True,True,,Yahoo/pilot,data/raw/yahoo/BETA.parquet,True,1.0,0.0571584138399486,2026-01-30,0.0571584138399486
NAVN_20251030,NAVN,"Navan, Inc.",2025-10-30,923110150.0,25.0,True,True,True,True,True,,Yahoo/pilot,data/raw/yahoo/NAVN.parquet,True,1.0,-0.2231435513142097,2026-01-27,-0.2231435513142097
APXT_20251028,APXT,Apex Treasury Corporation,2025-10-28,,10.0,True,True,False,False,False,missing_positive_proceeds;incomplete_prices;incomplete_volume,Yahoo/pilot,data/raw/yahoo/APXT.parquet,False,1.0,,2026-01-23,
MPLT_20251027,MPLT,"MapLight Therapeutics, Inc.",2025-10-27,250750000.0,17.0,True,True,True,True,True,,Yahoo/pilot,data/raw/yahoo/MPLT.parquet,True,1.0,0.075871131092053,2026-01-22,0.075871131092053
AGCC_20251022,AGCC,Agencia Comercial Spirits Ltd,2025-10-22,7000000.0,4.0,True,True,True,True,True,,Yahoo/pilot,data/raw/yahoo/AGCC.parquet,True,1.0,0.4137639424492826,2026-01-16,0.4137639424492826
NPT_20251022,NPT,Texxon Holding Limited,2025-10-22,9500000.0,5.0,True,True,True,True,True,,Yahoo/pilot,data/raw/yahoo/NPT.parquet,True,1.0,-0.0181640017046351,2026-01-16,-0.0181640017046351
AHMA_20251021,AHMA,Ambitions Enterprise Management Co. L.L.C,2025-10-21,6000000.0,4.0,True,True,True,True,True,,Yahoo/pilot,data/raw/yahoo/AHMA.parquet,True,1.0,0.1505728789884992,2026-01-15,0.1505728789884992
BGIN_20251021,BGIN,Bgin Blockchain Limited,2025-10-21,30000000.0,6.0,True,True,True,True,True,,Yahoo/pilot,data/raw/yahoo/BGIN.parquet,True,1.0,-0.1903537208002969,2026-01-15,-0.1903537208002969
MCTA_20251021,MCTA,Charming Medical Limited,2025-10-21,6400000.0,4.0,True,True,True,True,True,,Yahoo/pilot,data/raw/yahoo/MCTA.parquet,True,1.0,0.5596157879354227,2026-01-15,0.5596157879354227
ACCL_20251017,ACCL,Acco Group Holdings Limited,2025-10-17,5600000.0,4.0,True,True,True,True,True,,Yahoo/pilot,data/raw/yahoo/ACCL.parquet,True,1.0,0.012422567093584,2026-01-13,0.012422567093584
SLGB_20251015,SLGB,Smart Logistics Global Limited,2025-10-15,5000000.0,5.0,True,True,True,True,True,,Yahoo/pilot,data/raw/yahoo/SLGB.parquet,True,1.0,0.0544882250204988,2026-01-09,0.0544882250204988
TCGL_20251015,TCGL,TechCreate Group Ltd.,2025-10-15,10200000.0,4.0,True,True,False,False,False,missing_split_unit_validation;incomplete_prices;incomplete_volume,Yahoo/pilot,data/raw/yahoo/TCGL.parquet,False,1.0,,2026-01-09,
RPGL_20251014,RPGL,Republic Power Group Limited,2025-10-14,8480000.0,4.0,True,True,True,True,True,,Yahoo/pilot,data/raw/yahoo/RPGL.parquet,True,0.00125,0.2191355299166712,2026-01-08,0.2191355299166712
ALH_20251009,ALH,Alliance Laundry Holdings Inc.,2025-10-09,826341428.0,22.0,True,True,True,True,True,,Yahoo/pilot,data/raw/yahoo/ALH.parquet,True,1.0,0.1206073141225858,2026-01-05,0.1206073141225858
LFS_20251009,LFS,"Leifras Co., Ltd.",2025-10-09,5000000.0,4.0,True,True,True,True,True,,Yahoo/pilot,data/raw/yahoo/LFS.parquet,True,1.0,-0.2516716686599943,2026-01-05,-0.2516716686599943
PXED_20251009,PXED,"Phoenix Education Partners, Inc.",2025-10-09,136000000.0,32.0,True,True,True,True,True,,Yahoo/pilot,data/raw/yahoo/PXED.parquet,True,1.0,0.1757898949275645,2026-01-05,0.1757898949275645
YDDL_20251009,YDDL,One and one Green Technologies. Inc,2025-10-09,10000000.0,5.0,True,True,True,True,True,,Yahoo/pilot,data/raw/yahoo/YDDL.parquet,True,1.0,0.0806579170938279,2026-01-05,0.0806579170938279
POM_20251008,POM,Pomdoctor Limited,2025-10-08,20000016.0,4.0,True,True,True,True,True,,Yahoo/pilot,data/raw/yahoo/POM.parquet,True,0.0555555555555555,0.0074720274597008,2026-01-02,0.0074720274597008
CCHH_20251003,CCHH,CCH Holdings Ltd,2025-10-03,5000000.0,4.0,True,True,True,True,True,,Yahoo/pilot,data/raw/yahoo/CCHH.parquet,True,0.1,0.1043600496908843,2025-12-29,0.1043600496908843
CBK_20251002,CBK,"Commercial Bancgroup, Inc.",2025-10-02,172154208.0,24.0,True,True,True,True,True,,Yahoo/pilot,data/raw/yahoo/CBK.parquet,True,1.0,0.0,2025-12-26,0.0
AGRZ_20251001,AGRZ,Agroz Inc.,2025-10-01,5000000.0,4.0,True,True,True,True,True,,Yahoo/pilot,data/raw/yahoo/AGRZ.parquet,True,1.0,-0.2484613959782817,2025-12-24,-0.2484613959782817
FRMI_20251001,FRMI,Fermi Inc.,2025-10-01,682500000.0,21.0,True,True,True,True,True,,Yahoo/pilot,data/raw/yahoo/FRMI.parquet,True,1.0,0.437640265236379,2025-12-24,0.437640265236379
NP_20251001,NP,Neptune Insurance Holdings Inc.,2025-10-01,368421060.0,20.0,True,True,True,True,True,,Yahoo/pilot,data/raw/yahoo/NP.parquet,True,1.0,0.2151113488532573,2025-12-24,0.2151113488532573
BDCI_20250930,BDCI,BTC Development Corp.,2025-09-30,,10.0,False,True,False,False,False,blank_check_company;missing_positive_proceeds;incomplete_prices;incomplete_volume,Yahoo/pilot,data/raw/yahoo/BDCI.parquet,False,1.0,,2025-12-23,
KNRX_20250929,KNRX,Knorex Ltd.,2025-09-29,12000000.0,4.0,True,True,True,True,True,,Yahoo/pilot,data/raw/yahoo/KNRX.parquet,True,1.0,-0.2231435364130486,2025-12-22,-0.2231435364130486
MGN_20250926,MGN,Megan Holdings Limited,2025-09-26,5000000.0,4.0,True,True,True,True,True,,Yahoo/pilot,data/raw/yahoo/MGN.parquet,True,1.0,3.8815637979434374,2025-12-19,3.8815637979434374
PLTS_20250919,PLTS,Platinum Analytics Cayman Limited,2025-09-19,8000000.0,4.0,True,True,True,True,True,,Yahoo/pilot,data/raw/yahoo/PLTS.parquet,True,1.0,0.5780168893569334,2025-12-12,0.5780168893569334
PTRN_20250919,PTRN,Pattern Group Inc.,2025-09-19,300000008.0,14.0,True,True,True,True,True,,Yahoo/pilot,data/raw/yahoo/PTRN.parquet,True,1.0,0.1101348221400023,2025-12-12,0.1101348221400023
NTSK_20250918,NTSK,"Netskope, Inc.",2025-09-18,908200000.0,19.0,True,True,True,True,True,,Yahoo/pilot,data/raw/yahoo/NTSK.parquet,True,1.0,0.1686317766277346,2025-12-11,0.1686317766277346
STUB_20250917,STUB,"StubHub Holdings, Inc.",2025-09-17,799999996.0,23.5,True,True,True,True,True,,Yahoo/pilot,data/raw/yahoo/STUB.parquet,True,1.0,-0.0659579677917974,2025-12-10,-0.0659579677917974
WBI_20250917,WBI,WaterBridge Infrastructure LLC,2025-09-17,634000000.0,20.0,True,True,True,True,True,,Yahoo/pilot,data/raw/yahoo/WBI.parquet,True,1.0,0.1323431836458846,2025-12-10,0.1323431836458846
CHOW_20250916,CHOW,ChowChow Cloud International Holdings Limited,2025-09-16,10400000.0,4.0,True,True,True,True,True,,Yahoo/pilot,data/raw/yahoo/CHOW.parquet,True,1.0,1.1481957616307077,2025-12-09,1.1481957616307077
BRCB_20250912,BRCB,"Black Rock Coffee Bar, Inc.",2025-09-12,294117640.0,20.0,True,True,True,True,True,,Yahoo/pilot,data/raw/yahoo/BRCB.parquet,True,1.0,0.319544070542243,2025-12-05,0.319544070542243
FOFO_20250912,FOFO,"Hang Feng Technology Innovation Co., Ltd.",2025-09-12,5500000.0,4.0,True,True,True,True,True,,Yahoo/pilot,data/raw/yahoo/FOFO.parquet,True,1.0,1.127361732842332,2025-12-05,1.127361732842332
GEMI_20250912,GEMI,"Gemini Space Station, Inc.",2025-09-12,425000016.0,28.0,True,True,True,True,True,,Yahoo/pilot,data/raw/yahoo/GEMI.parquet,True,1.0,0.1335313926245225,2025-12-05,0.1335313926245225
LGN_20250912,LGN,Legence Corp.,2025-09-12,728000000.0,28.0,True,True,True,True,True,,Yahoo/pilot,data/raw/yahoo/LGN.parquet,True,1.0,0.0855221734381619,2025-12-05,0.0855221734381619
VIA_20250912,VIA,"Via Transportation, Inc.",2025-09-12,492857110.0,46.0,True,True,True,True,True,,Yahoo/pilot,data/raw/yahoo/VIA.parquet,True,1.0,0.0735332389826646,2025-12-05,0.0735332389826646
FIGR_20250911,FIGR,"Figure Technology Solutions, Inc.",2025-09-11,787500000.0,25.0,True,True,True,True,True,,Yahoo/pilot,data/raw/yahoo/FIGR.parquet,True,1.0,0.2186535056604884,2025-12-04,0.2186535056604884
LBRX_20250911,LBRX,LB Pharmaceuticals Inc,2025-09-11,285000000.0,15.0,True,True,True,True,True,,Yahoo/pilot,data/raw/yahoo/LBRX.parquet,True,1.0,0.1426562563009758,2025-12-04,0.1426562563009758
KLAR_20250910,KLAR,Klarna Group plc,2025-09-10,1372450960.0,40.0,True,True,True,True,False,missing_split_unit_validation;unverified_nasdaq_adjustment,Nasdaq/historical,data/raw/check2/recovered_nasdaq_KLAR_20250910.parquet,False,1.0,,2025-12-03,0.1358412229114131
ZTG_20250909,ZTG,Zenta Group Company Limited,2025-09-09,,,True,True,True,True,False,missing_positive_proceeds;missing_positive_offer_price,Yahoo/pilot,data/raw/yahoo/ZTG.parquet,False,1.0,,2025-12-02,
FCHL_20250904,FCHL,Fitness Champs Holdings Limited,2025-09-04,15000000.0,4.0,True,True,True,True,True,,Yahoo/pilot,data/raw/yahoo/FCHL.parquet,True,0.0022222222222222,0.0606246218164348,2025-11-26,0.0606246218164348
PMI_20250829,PMI,"Picard Medical, Inc.",2025-08-29,17000000.0,4.0,True,True,True,True,True,,Yahoo/pilot,data/raw/yahoo/PMI.parquet,True,0.02,0.1375856629525631,2025-11-21,0.1375856629525631
ELOG_20250828,ELOG,Eastern International Ltd.,2025-08-28,6400000.0,4.0,True,True,True,True,True,,Yahoo/pilot,data/raw/yahoo/ELOG.parquet,True,1.0,-0.3011050798964309,2025-11-20,-0.3011050798964309
TGHL_20250828,TGHL,The Growhub Limited,2025-08-28,15000000.0,4.0,True,True,True,True,True,,Yahoo/pilot,data/raw/yahoo/TGHL.parquet,True,1.0,-0.168418617766704,2025-11-20,-0.168418617766704
THH_20250828,THH,TryHard Holdings Limited,2025-08-28,6100000.0,4.0,True,True,True,True,True,,Yahoo/pilot,data/raw/yahoo/THH.parquet,True,0.1,0.4087929108742519,2025-11-20,0.4087929108742519
CURX_20250826,CURX,Curanex Pharmaceuticals Inc,2025-08-26,15000000.0,4.0,True,True,True,True,True,,Yahoo/pilot,data/raw/yahoo/CURX.parquet,True,0.05,0.0049875604896323,2025-11-18,0.0049875604896323
ETS_20250821,ETS,Elite Express Holding Inc.,2025-08-21,15200000.0,4.0,True,True,True,True,True,,Yahoo/pilot,data/raw/yahoo/ETS.parquet,True,1.0,-0.1335313926245226,2025-11-13,-0.1335313926245226
YMT_20250819,YMT,Yimutian Inc.,2025-08-19,20541000.0,4.1,True,True,True,True,True,,Yahoo/pilot,data/raw/yahoo/YMT.parquet,True,0.0041666666666666,-0.3813675565291038,2025-11-11,-0.3813675565291038
NUTR_20250815,NUTR,NusaTrip Incorporated,2025-08-15,15000000.0,4.0,True,True,True,True,True,,Yahoo/pilot,data/raw/yahoo/NUTR.parquet,True,1.0,-0.0227569651710337,2025-11-07,-0.0227569651710337
BUUU_20250814,BUUU,BUUU Group Limited,2025-08-14,6000000.0,4.0,True,True,True,True,True,,Yahoo/pilot,data/raw/yahoo/BUUU.parquet,True,1.0,0.0,2025-11-06,0.0
MIAX_20250814,MIAX,"Miami International Holdings, Inc.",2025-08-14,345000000.0,23.0,True,True,True,True,True,,Yahoo/pilot,data/raw/yahoo/MIAX.parquet,True,1.0,0.2900705147355669,2025-11-06,0.2900705147355669
NSRX_20250814,NSRX,Nasus Pharma Ltd.,2025-08-14,,8.0,True,True,True,True,False,missing_positive_proceeds,Yahoo/pilot,data/raw/yahoo/NSRX.parquet,False,1.0,,2025-11-06,0.0062305734444076
RYOJ_20250814,RYOJ,"rYojbaba Co., Ltd.",2025-08-14,5000000.0,4.0,True,True,True,True,True,,Yahoo/pilot,data/raw/yahoo/RYOJ.parquet,True,1.0,-0.3215835912421416,2025-11-06,-0.3215835912421416
BLSH_20250813,BLSH,Bullish,2025-08-13,1110000000.0,37.0,True,True,True,True,True,,Yahoo/pilot,data/raw/yahoo/BLSH.parquet,True,1.0,0.6085897925318823,2025-11-05,0.6085897925318823
HVMC_20250812,HVMC,Highview Merger Corp.,2025-08-12,,10.0,True,True,False,False,False,missing_positive_proceeds;incomplete_prices;incomplete_volume,Yahoo/pilot,data/raw/yahoo/HVMC.parquet,False,1.0,,2025-11-04,
MAGH_20250812,MAGH,Magnitude International Ltd,2025-08-12,8800000.0,4.0,True,True,True,True,True,,Yahoo/pilot,data/raw/yahoo/MAGH.parquet,True,1.0,0.0148885984000414,2025-11-04,0.0148885984000414
DKI_20250808,DKI,Darkiris Inc.,2025-08-08,6000000.0,4.0,True,True,True,True,True,,Yahoo/pilot,data/raw/yahoo/DKI.parquet,True,1.0,0.3148107433205967,2025-10-31,0.3148107433205967
EFTY_20250808,EFTY,"Etoiles Capital Group Co., Ltd",2025-08-08,5600000.0,4.0,True,True,True,True,True,,Yahoo/pilot,data/raw/yahoo/EFTY.parquet,True,1.0,0.1988508821961727,2025-10-31,0.1988508821961727
HTFL_20250808,HTFL,"HeartFlow, Inc.",2025-08-08,316666673.0,19.0,True,True,True,True,False,missing_split_unit_validation;unverified_nasdaq_adjustment,Nasdaq/historical,data/raw/check2/recovered_nasdaq_HTFL_20250808.parquet,False,1.0,,2025-10-31,0.4141987880769189
FLY_20250807,FLY,Firefly Aerospace Inc.,2025-08-07,868320000.0,45.0,True,True,True,True,True,,Yahoo/pilot,data/raw/yahoo/FLY.parquet,True,1.0,0.2934984324893944,2025-10-30,0.2934984324893944
WYFI_20250807,WYFI,"WhiteFiber, Inc.",2025-08-07,159375000.0,17.0,True,True,True,True,True,,Yahoo/pilot,data/raw/yahoo/WYFI.parquet,True,1.0,-0.0469683377022119,2025-10-30,-0.0469683377022119
CTW_20250806,CTW,CTW,2025-08-06,12000000.0,5.0,True,True,True,True,True,,Yahoo/pilot,data/raw/yahoo/CTW.parquet,True,1.0,-0.1187835231024763,2025-10-29,-0.1187835231024763
FIG_20250731,FIG,"Figma, Inc.",2025-07-31,1218923640.0,33.0,True,True,True,True,True,,Yahoo/pilot,data/raw/yahoo/FIG.parquet,True,1.0,1.252762968495368,2025-10-23,1.252762968495368
SI_20250731,SI,"Shoulder Innovations, Inc.",2025-07-31,75000000.0,15.0,True,True,True,True,True,,Yahoo/pilot,data/raw/yahoo/SI.parquet,True,1.0,0.0033278027660873,2025-10-23,0.0033278027660873
AMBQ_20250730,AMBQ,"Ambiq Micro, Inc.",2025-07-30,96000000.0,24.0,True,True,True,True,True,,Yahoo/pilot,data/raw/yahoo/AMBQ.parquet,True,1.0,0.4733832966082326,2025-10-22,0.4733832966082326
YMAT_20250730,YMAT,"J-Star Holding Co., Ltd.",2025-07-30,5000000.0,4.0,True,True,True,True,True,,Yahoo/pilot,data/raw/yahoo/YMAT.parquet,True,0.2,0.0198026085966831,2025-10-22,0.0198026085966831
ARX_20250724,ARX,Accelerant Holdings,2025-07-24,723684192.0,21.0,True,True,True,True,True,,Yahoo/pilot,data/raw/yahoo/ARX.parquet,True,1.0,0.2326222952687535,2025-10-16,0.2326222952687535
LHAI_20250724,LHAI,Linkhome Holdings Inc.,2025-07-24,6000000.0,4.0,True,True,True,True,True,,Yahoo/pilot,data/raw/yahoo/LHAI.parquet,True,1.0,0.3418151013586918,2025-10-16,0.3418151013586918
MH_20250724,MH,"McGraw Hill, Inc.",2025-07-24,414630000.0,17.0,True,True,True,True,True,,Yahoo/pilot,data/raw/yahoo/MH.parquet,True,1.0,0.0,2025-10-16,0.0
CARL_20250723,CARL,"Carlsmed, Inc.",2025-07-23,100500000.0,15.0,True,True,True,True,True,,Yahoo/pilot,data/raw/yahoo/CARL.parquet,True,1.0,-0.0339015516756813,2025-10-15,-0.0339015516756813
CRE_20250723,CRE,Cre8 Enterprise Limited,2025-07-23,5800000.0,4.0,True,True,True,True,True,,Yahoo/pilot,data/raw/yahoo/CRE.parquet,True,0.0833333333333333,0.0953101653547138,2025-10-15,0.0953101653547138
NIQ_20250723,NIQ,NIQ Global Intelligence plc,2025-07-23,1050000000.0,21.0,True,True,True,True,True,,Yahoo/pilot,data/raw/yahoo/NIQ.parquet,True,1.0,-0.0995572691830097,2025-10-15,-0.0995572691830097
TDIC_20250723,TDIC,Dreamland Limited,2025-07-23,8000000.0,4.0,True,True,True,True,True,,Yahoo/pilot,data/raw/yahoo/TDIC.parquet,True,0.008,0.0907543632684641,2025-10-15,0.0907543632684641
MJID_20250718,MJID,Majestic Ideal Holdings Ltd,2025-07-18,15000000.0,6.0,True,True,True,True,True,,Yahoo/chart retry,data/raw/check2/recovered_MJID_20250718_PASW.parquet,True,1.0,-0.5978370152052315,2025-10-10,-0.5978370152052315
LAWR_20250717,LAWR,"Robot Consulting Co., Ltd.",2025-07-17,15000000.0,4.0,True,True,True,True,True,,Yahoo/pilot,data/raw/yahoo/LAWR.parquet,True,1.0,-0.1278333769284889,2025-10-09,-0.1278333769284889
KMRK_20250716,KMRK,K-TECH Solutions Company Limited,2025-07-16,6400000.0,4.0,True,True,True,True,True,,Yahoo/pilot,data/raw/yahoo/KMRK.parquet,True,1.0,0.2130931769284119,2025-10-08,0.2130931769284119
MGRT_20250716,MGRT,Mega Fortune Company Limited,2025-07-16,15000000.0,4.0,True,True,True,True,True,,Yahoo/pilot,data/raw/yahoo/MGRT.parquet,True,1.0,-0.0486651869997743,2025-10-08,-0.0486651869997743
BMHL_20250711,BMHL,Bluemount Holdings Limited,2025-07-11,5500000.0,4.0,True,True,True,True,True,,Yahoo/pilot,data/raw/yahoo/BMHL.parquet,True,1.0,0.0,2025-10-03,0.0
DLXY_20250709,DLXY,Delixy Holdings Limited,2025-07-09,8000000.0,4.0,True,True,True,True,True,,Yahoo/pilot,data/raw/yahoo/DLXY.parquet,True,1.0,0.2130931769284119,2025-10-01,0.2130931769284119
ANPA_20250708,ANPA,Rich Sparkle Holdings Limited,2025-07-08,5000000.0,4.0,True,True,True,True,True,,Yahoo/pilot,data/raw/yahoo/ANPA.parquet,True,1.0,-0.1278333769284889,2025-09-30,-0.1278333769284889
MSGY_20250708,MSGY,Masonglory Limited,2025-07-08,6000000.0,4.0,True,True,True,True,True,,Yahoo/pilot,data/raw/yahoo/MSGY.parquet,True,0.125,0.0653194616537839,2025-09-30,0.0653194616537839
TLIH_20250708,TLIH,Ten-League International Holdings Limited,2025-07-08,8960000.0,4.0,True,True,True,True,True,,Yahoo/pilot,data/raw/yahoo/TLIH.parquet,True,0.1,-0.0698861479183074,2025-09-30,-0.0698861479183074
MAMK_20250707,MAMK,MaxsMaking Inc.,2025-07-07,6500000.0,4.0,True,True,True,True,True,,Yahoo/pilot,data/raw/yahoo/MAMK.parquet,True,1.0,-0.0806678875605554,2025-09-29,-0.0806678875605554
CV_20250702,CV,"CapsoVision, Inc.",2025-07-02,27500000.0,5.0,True,True,True,True,True,,Yahoo/pilot,data/raw/yahoo/CV.parquet,True,1.0,-0.3566749439387324,2025-09-25,-0.3566749439387324
EMPG_20250702,EMPG,Empro Group Inc.,2025-07-02,5500000.0,4.0,True,True,False,False,False,missing_split_unit_validation;incomplete_prices;incomplete_volume,Yahoo/pilot,data/raw/yahoo/EMPG.parquet,False,1.0,,2025-09-25,
GRAN_20250701,GRAN,Grande Group Limited,2025-07-01,9375000.0,5.0,True,True,True,True,True,,Yahoo/pilot,data/raw/yahoo/GRAN.parquet,True,1.0,-0.0833816296711016,2025-09-24,-0.0833816296711016
JCAP_20250626,JCAP,"Jefferson Capital, Inc.",2025-06-26,150000000.0,15.0,True,True,True,True,True,,Yahoo/pilot,data/raw/yahoo/JCAP.parquet,True,1.0,0.2118804084166921,2025-09-19,0.2118804084166921
JLHL_20250626,JLHL,Julong Holding Limited,2025-06-26,5000000.0,4.0,True,True,True,True,True,,Yahoo/pilot,data/raw/yahoo/JLHL.parquet,True,1.0,0.0559076364473943,2025-09-19,0.0559076364473943
FMFC_20250625,FMFC,Kandal M Venture Limited,2025-06-25,8000000.0,4.0,True,True,True,True,True,,Yahoo/pilot,data/raw/yahoo/FMFC.parquet,True,1.0,0.0953102014787409,2025-09-18,0.0953102014787409
HCHL_20250624,HCHL,Happy City Holdings Limited,2025-06-24,5500000.0,5.0,True,True,True,True,True,,Yahoo/pilot,data/raw/yahoo/HCHL.parquet,True,1.0,0.0,2025-09-17,0.0
CAI_20250618,CAI,"Caris Life Sciences, Inc.",2025-06-18,494117652.0,21.0,True,True,True,True,True,,Yahoo/pilot,data/raw/yahoo/CAI.parquet,True,1.0,0.2876820724517808,2025-09-12,0.2876820724517808
EGG_20250618,EGG,Enigmatig Limited,2025-06-18,14226000.0,5.0,True,True,True,True,True,,Yahoo/pilot,data/raw/yahoo/EGG.parquet,True,1.0,0.2669690629841545,2025-09-12,0.2669690629841545
SLDE_20250618,SLDE,"Slide Insurance Holdings, Inc.",2025-06-18,408000000.0,17.0,True,True,True,True,True,,Yahoo/pilot,data/raw/yahoo/SLDE.parquet,True,1.0,0.174941449496332,2025-09-12,0.174941449496332
MENS_20250617,MENS,Jyong Biotech Ltd.,2025-06-17,20000003.0,7.5,True,True,True,True,True,,Yahoo/pilot,data/raw/yahoo/MENS.parquet,True,1.0,0.2986219785313853,2025-09-11,0.2986219785313853
CHYM_20250612,CHYM,"Chime Financial, Inc.",2025-06-12,864000000.0,27.0,True,True,True,True,True,,Yahoo/pilot,data/raw/yahoo/CHYM.parquet,True,1.0,0.3180496255152685,2025-09-08,0.3180496255152685
VNTG_20250612,VNTG,Vantage Corp,2025-06-12,13000000.0,4.0,True,True,True,True,True,,Yahoo/pilot,data/raw/yahoo/VNTG.parquet,True,1.0,-0.0512933069358968,2025-09-08,-0.0512933069358968
ASIC_20250611,ASIC,Ategrity Specialty Insurance Company Holdings,2025-06-11,113333339.0,17.0,True,True,True,True,True,,Yahoo/pilot,data/raw/yahoo/ASIC.parquet,True,1.0,0.3727798673462781,2025-09-05,0.3727798673462781
VOYG_20250611,VOYG,"Voyager Technologies, Inc.",2025-06-11,382799997.0,31.0,True,True,True,True,True,,Yahoo/pilot,data/raw/yahoo/VOYG.parquet,True,1.0,0.5998993805949595,2025-09-05,0.5998993805949595
JEM_20250609,JEM,707 Cayman Holdings Limited,2025-06-09,10000000.0,4.0,True,True,True,True,True,,Yahoo/pilot,data/raw/yahoo/JEM.parquet,True,0.0041666666666666,-0.0382212128201977,2025-09-03,-0.0382212128201977
OMDA_20250606,OMDA,"Omada Health, Inc.",2025-06-06,150100000.0,19.0,True,True,True,True,True,,Yahoo/pilot,data/raw/yahoo/OMDA.parquet,True,1.0,0.1910552367627092,2025-09-02,0.1910552367627092
CRCL_20250605,CRCL,"Circle Internet Group, Inc.",2025-06-05,1054000000.0,31.0,True,True,True,True,True,,Yahoo/pilot,data/raw/yahoo/CRCL.parquet,True,1.0,0.987620695606073,2025-08-29,0.987620695606073
PTNM_20250530,PTNM,Pitanium Limited,2025-05-30,7000000.0,4.0,True,True,False,False,False,missing_split_unit_validation;incomplete_prices;incomplete_volume,Yahoo/pilot,data/raw/yahoo/PTNM.parquet,False,1.0,,2025-08-25,
FTRK_20250523,FTRK,Fast Track Group,2025-05-23,15000000.0,4.0,True,True,False,False,False,missing_split_unit_validation;incomplete_prices;incomplete_volume,Yahoo/pilot,data/raw/yahoo/FTRK.parquet,False,1.0,,2025-08-19,
HNGE_20250522,HNGE,"Hinge Health, Inc.",2025-05-22,437312000.0,32.0,True,True,True,True,True,,Yahoo/pilot,data/raw/yahoo/HNGE.parquet,True,1.0,0.1602037881029285,2025-08-18,0.1602037881029285
MNTN_20250522,MNTN,"MNTN, Inc.",2025-05-22,187200000.0,16.0,True,True,True,True,True,,Yahoo/pilot,data/raw/yahoo/MNTN.parquet,True,1.0,0.4992590105489848,2025-08-18,0.4992590105489848
OFAL_20250521,OFAL,OFA Group,2025-05-21,15000000.0,4.0,True,True,True,True,True,,Yahoo/pilot,data/raw/yahoo/OFAL.parquet,True,0.1,0.1570037325075396,2025-08-15,0.1570037325075396
ANTA_20250514,ANTA,Antalpha Platform Holding Company,2025-05-14,49280000.0,12.8,True,True,True,True,True,,Yahoo/pilot,data/raw/yahoo/ANTA.parquet,True,1.0,0.2466158562641003,2025-08-08,0.2466158562641003
ETOR_20250514,ETOR,eToro Group Ltd.,2025-05-14,619996936.0,52.0,True,True,True,True,True,,Yahoo/pilot,data/raw/yahoo/ETOR.parquet,True,1.0,0.2534489008095387,2025-08-08,0.2534489008095387
OMSE_20250513,OMSE,OMS Energy Technologies Inc.,2025-05-13,33333336.0,9.0,True,True,True,True,True,,Yahoo/pilot,data/raw/yahoo/OMSE.parquet,True,1.0,-0.1809890810832342,2025-08-07,-0.1809890810832342
APUS_20250509,APUS,"Apimeds Pharmaceuticals US, Inc.",2025-05-09,13500000.0,4.0,True,True,True,True,True,,Yahoo/pilot,data/raw/yahoo/APUS.parquet,True,0.1,-0.5978370007556204,2025-08-05,-0.5978370007556204
AHL_20250508,AHL,Aspen Insurance Holdings Limited,2025-05-08,397500000.0,30.0,True,True,False,False,False,missing_split_unit_validation;incomplete_prices;incomplete_volume,Yahoo/pilot,data/raw/yahoo/AHL.parquet,False,1.0,,2025-08-04,
AII_20250508,AII,"American Integrity Insurance Group, Inc.",2025-05-08,110000000.0,16.0,True,True,True,True,True,,Yahoo/pilot,data/raw/yahoo/AII.parquet,True,1.0,0.0547248771170731,2025-08-04,0.0547248771170731
SDM_20250502,SDM,Smart Digital Group Limited,2025-05-02,6000000.0,4.0,True,True,False,False,False,missing_split_unit_validation;incomplete_prices;incomplete_volume,Yahoo/pilot,data/raw/yahoo/SDM.parquet,False,1.0,,2025-07-29,
YB_20250430,YB,Yuanbao Inc.,2025-04-30,30000000.0,15.0,True,True,True,True,True,,Yahoo/pilot,data/raw/yahoo/YB.parquet,True,1.0,0.0620353933096138,2025-07-25,0.0620353933096138
PHOE_20250425,PHOE,Phoenix Asia Holdings Limited,2025-04-25,6400000.0,4.0,True,True,True,True,True,,Yahoo/pilot,data/raw/yahoo/PHOE.parquet,True,1.0,-0.0915671673974273,2025-07-22,-0.0915671673974273
PFAI_20250422,PFAI,Pinnacle Food Group Limited,2025-04-22,7200000.0,4.0,True,True,True,True,True,,Yahoo/pilot,data/raw/yahoo/PFAI.parquet,True,1.0,-0.177334043750806,2025-07-17,-0.177334043750806
TMDE_20250421,TMDE,TMD Energy Limited,2025-04-21,10075000.0,3.25,True,True,True,True,True,,Yahoo/pilot,data/raw/yahoo/TMDE.parquet,True,1.0,0.1105776834615365,2025-07-16,0.1105776834615365
CHA_20250417,CHA,Chagee Holdings Limited,2025-04-17,411151748.0,28.0,True,True,True,True,True,,Yahoo/pilot,data/raw/yahoo/CHA.parquet,True,1.0,0.1471876767387455,2025-07-15,0.1471876767387455
EDHL_20250417,EDHL,Everbright Digital Holding Limited,2025-04-17,6000000.0,4.0,True,True,True,True,True,,Yahoo/pilot,data/raw/yahoo/EDHL.parquet,True,0.0625,0.0487901187563682,2025-07-15,0.0487901187563682
HXHX_20250415,HXHX,Haoxin Holdings Limited,2025-04-15,7000000.0,4.0,True,True,True,True,True,,Yahoo/pilot,data/raw/yahoo/HXHX.parquet,True,1.0,-0.2516716686599943,2025-07-11,-0.2516716686599943
ATHR_20250410,ATHR,"Aether Holdings, Inc.",2025-04-10,7740000.0,4.3,True,True,True,True,True,,Yahoo/pilot,data/raw/yahoo/ATHR.parquet,True,1.0,0.2905848321097424,2025-07-08,0.2905848321097424
CUPR_20250410,CUPR,Cuprina Holdings (Cayman) Limited,2025-04-10,12000000.0,4.0,True,True,True,True,True,,Yahoo/pilot,data/raw/yahoo/CUPR.parquet,True,0.125,0.03681399610282,2025-07-08,0.03681399610282
IOTR_20250410,IOTR,iOThree Limited,2025-04-10,8400000.0,4.0,True,True,True,True,True,,Yahoo/pilot,data/raw/yahoo/IOTR.parquet,True,0.1,-0.1193467576325661,2025-07-08,-0.1193467576325661
MB_20250410,MB,MasterBeef Group,2025-04-10,8000000.0,4.0,True,True,True,True,True,,Yahoo/pilot,data/raw/yahoo/MB.parquet,True,1.0,0.024692589330022,2025-07-08,0.024692589330022
FATN_20250408,FATN,"FatPipe, Inc.",2025-04-08,4000022.0,5.75,True,True,True,True,True,,Yahoo/pilot,data/raw/yahoo/FATN.parquet,True,1.0,0.8157495026522776,2025-07-03,0.8157495026522776
RYET_20250408,RYET,Ruanyun Edai Technology Inc.,2025-04-08,15000000.0,4.0,True,True,True,True,True,,Yahoo/pilot,data/raw/yahoo/RYET.parquet,True,1.0,0.1200028431445478,2025-07-03,0.1200028431445478
BLIV_20250404,BLIV,BeLive Holdings,2025-04-04,9800000.0,4.0,True,True,True,True,True,,Yahoo/pilot,data/raw/yahoo/BLIV.parquet,True,1.0,-0.1221676447501885,2025-07-01,-0.1221676447501885
LHSW_20250403,LHSW,Lianhe Sowell International Group Ltd,2025-04-03,8000000.0,4.0,True,True,True,True,True,,Yahoo/pilot,data/raw/yahoo/LHSW.parquet,True,0.0625,0.0699923629279667,2025-06-30,0.0699923629279667
SMA_20250402,SMA,"SmartStop Self Storage REIT, Inc.",2025-04-02,810000000.0,30.0,True,True,True,True,True,,Yahoo/pilot,data/raw/yahoo/SMA.parquet,True,1.0,0.0877055804191054,2025-06-27,0.0877055804191054
SORA_20250402,SORA,AsiaStrategy,2025-04-02,,,True,True,True,True,False,missing_positive_proceeds;missing_positive_offer_price,Yahoo/pilot,data/raw/yahoo/SORA.parquet,False,1.0,,2025-06-27,
ENGS_20250401,ENGS,Energys Group Limited,2025-04-01,10125000.0,4.5,True,True,True,True,True,,Yahoo/pilot,data/raw/yahoo/ENGS.parquet,True,1.0,0.0953101412720284,2025-06-26,0.0953101412720284
WTF_20250401,WTF,Waton Financial Limited,2025-04-01,17500000.0,4.0,True,True,True,True,True,,Yahoo/pilot,data/raw/yahoo/WTF.parquet,True,1.0,1.601909665230927,2025-06-26,1.601909665230927
WXM_20250401,WXM,WF International Limited,2025-04-01,5600000.0,4.0,True,True,True,True,True,,Yahoo/pilot,data/raw/yahoo/WXM.parquet,True,0.1,0.0699924073883072,2025-06-26,0.0699924073883072
NMAX_20250331,NMAX,Newsmax Inc.,2025-03-31,75000000.0,10.0,True,True,True,True,True,,Yahoo/pilot,data/raw/yahoo/NMAX.parquet,True,1.0,2.122381317751627,2025-06-25,2.122381317751627
CRWV_20250328,CRWV,"CoreWeave, Inc.",2025-03-28,1500000000.0,40.0,True,True,True,True,True,,Yahoo/pilot,data/raw/yahoo/CRWV.parquet,True,1.0,0.0,2025-06-24,0.0
NCT_20250328,NCT,Intercont (Cayman) Limited,2025-03-28,10500000.0,7.0,True,True,True,True,True,,Yahoo/pilot,data/raw/yahoo/NCT.parquet,True,0.04,-0.0216614967811793,2025-06-24,-0.0216614967811793
WFF_20250327,WFF,WF Holding Limited,2025-03-27,8000000.0,4.0,True,True,True,True,True,,Yahoo/pilot,data/raw/yahoo/WFF.parquet,True,0.2,-0.0645385211375711,2025-06-23,-0.0645385211375711
EPSM_20250326,EPSM,Epsium Enterprise Limited,2025-03-26,5000000.0,4.0,True,True,True,True,True,,Yahoo/pilot,data/raw/yahoo/EPSM.parquet,True,1.0,0.1864796025570112,2025-06-20,0.1864796025570112
LGPS_20250325,LGPS,LogProstyle Inc.,2025-03-25,10000000.0,5.0,True,True,True,True,True,,Yahoo/pilot,data/raw/yahoo/LGPS.parquet,True,1.0,-0.3011050798964309,2025-06-18,-0.3011050798964309
BIYA_20250321,BIYA,Baiya International Group Inc.,2025-03-21,10000000.0,4.0,True,True,True,True,True,,Yahoo/pilot,data/raw/yahoo/BIYA.parquet,True,0.004,0.0440168854167742,2025-06-16,0.0440168854167742
RCT_20250321,RCT,RedCloud Holdings plc,2025-03-21,20000003.0,4.5,True,True,True,True,True,,Yahoo/pilot,data/raw/yahoo/RCT.parquet,True,1.0,0.0,2025-06-16,0.0
MWYN_20250313,MWYN,"Marwynn Holdings, Inc.",2025-03-13,8000000.0,4.0,True,True,True,True,True,,Yahoo/pilot,data/raw/yahoo/MWYN.parquet,True,1.0,0.07232070593657,2025-06-06,0.07232070593657
MCRP_20250307,MCRP,Micropolis AI Robotics,2025-03-07,15500000.0,4.0,True,True,True,True,True,,Yahoo/pilot,data/raw/yahoo/MCRP.parquet,True,1.0,-0.1193467710645989,2025-06-02,-0.1193467710645989
SAGT_20250307,SAGT,Sagtec Global Limited,2025-03-07,7000000.0,4.0,True,True,True,True,True,,Yahoo/pilot,data/raw/yahoo/SAGT.parquet,True,1.0,-0.1053605421487798,2025-06-02,-0.1053605421487798
ADVB_20250306,ADVB,Advanced Biomed Inc.,2025-03-06,6560000.0,4.0,True,True,True,True,True,,Yahoo/pilot,data/raw/yahoo/ADVB.parquet,True,0.05,-0.0915671935254903,2025-05-30,-0.0915671935254903
JFB_20250306,JFB,JFB Construction Holdings,2025-03-06,5162500.0,4.125,True,True,True,True,True,,Yahoo/pilot,data/raw/yahoo/JFB.parquet,True,2.0,-0.1643030512912763,2025-05-30,-0.1643030512912763
KMTS_20250306,KMTS,"Kestra Medical Technologies, Ltd.",2025-03-06,201999984.0,17.0,True,True,True,True,True,,Yahoo/pilot,data/raw/yahoo/KMTS.parquet,True,1.0,0.2505298138071132,2025-05-30,0.2505298138071132
TBH_20250306,TBH,"Brag House Holdings, Inc.",2025-03-06,5900000.0,4.0,True,True,True,True,True,,Yahoo/chart retry,data/raw/check2/recovered_TBH_20250306_HODO.parquet,True,0.125,0.07232070593657,2025-05-30,0.07232070593657
PN_20250304,PN,PN Smart Energy Limited,2025-03-04,8000000.0,4.0,True,True,True,True,True,,Yahoo/pilot,data/raw/yahoo/PN.parquet,True,0.05,0.0074719959072007,2025-05-28,0.0074719959072007
LUD_20250227,LUD,Luda Technology Group Limited,2025-02-27,10000000.0,4.0,True,True,True,True,True,,Yahoo/pilot,data/raw/yahoo/LUD.parquet,True,1.0,0.0,2025-05-22,0.0
LZMH_20250227,LZMH,LZ Technology Holdings Limited,2025-02-27,7200000.0,4.0,True,True,True,True,True,,Yahoo/pilot,data/raw/yahoo/LZMH.parquet,True,0.05,0.2231435513142097,2025-05-22,0.2231435513142097
WETO_20250227,WETO,Wetour Robotics Limited,2025-02-27,8000000.0,4.0,True,True,True,True,True,,Yahoo/pilot,data/raw/yahoo/WETO.parquet,True,0.01,-0.1053605156578262,2025-05-22,-0.1053605156578262
STAK_20250226,STAK,STAK Inc.,2025-02-26,5000000.0,4.0,True,True,True,True,True,,Yahoo/pilot,data/raw/yahoo/STAK.parquet,True,1.0,-0.0698861223506312,2025-05-21,-0.0698861223506312
BMGL_20250225,BMGL,Basel Medical Group Ltd,2025-02-25,8820000.0,4.0,True,True,True,True,True,,Yahoo/pilot,data/raw/yahoo/BMGL.parquet,True,0.0833333333333333,0.1043599924131477,2025-05-20,0.1043599924131477
MEDS_20250221,MEDS,"DataMEDS AI, Inc.",2025-02-21,,,True,True,True,True,False,missing_positive_proceeds;missing_positive_offer_price,Yahoo/pilot,data/raw/yahoo/MEDS.parquet,False,1.0,,2025-05-16,
NNNN_20250219,NNNN,Anbio Biotechnology,2025-02-19,8000000.0,5.0,True,True,True,True,True,,Yahoo/pilot,data/raw/yahoo/NNNN.parquet,True,1.0,0.1432341647802775,2025-05-14,0.1432341647802775
NPB_20250214,NPB,"Northpointe Bancshares, Inc.",2025-02-14,151090000.0,14.5,True,True,True,True,False,missing_split_unit_validation;unverified_nasdaq_adjustment,Nasdaq/historical,data/raw/check2/recovered_nasdaq_NPB_20250214.parquet,False,1.0,,2025-05-12,0.0
AARD_20250213,AARD,"Aardvark Therapeutics, Inc.",2025-02-13,94208000.0,16.0,True,True,True,True,True,,Yahoo/pilot,data/raw/yahoo/AARD.parquet,True,1.0,-0.1116300993481028,2025-05-09,-0.1116300993481028
KRMN_20250213,KRMN,Karman Holdings Inc.,2025-02-13,506000000.0,22.0,True,True,True,True,True,,Yahoo/pilot,data/raw/yahoo/KRMN.parquet,True,1.0,0.3118201822339003,2025-05-09,0.3118201822339003
SAIL_20250213,SAIL,"SailPoint, Inc.",2025-02-13,1380000000.0,23.0,True,True,True,True,True,,Yahoo/pilot,data/raw/yahoo/SAIL.parquet,True,1.0,-0.0444517625708338,2025-05-09,-0.0444517625708338
XHLD_20250213,XHLD,"TEN Holdings, Inc.",2025-02-13,10002000.0,6.0,True,True,True,True,True,,Yahoo/pilot,data/raw/yahoo/XHLD.parquet,True,0.0666666666666666,0.125163142954006,2025-05-09,0.125163142954006
PUSA_20250212,PUSA,Aureus Greenway Holdings Inc.,2025-02-12,,,True,True,True,True,False,missing_positive_proceeds;missing_positive_offer_price,Yahoo/pilot,data/raw/yahoo/PUSA.parquet,False,1.0,,2025-05-08,
SION_20250207,SION,"Sionna Therapeutics, Inc.",2025-02-07,190588194.0,18.0,True,True,True,True,True,,Yahoo/pilot,data/raw/yahoo/SION.parquet,True,1.0,0.328504066972036,2025-05-05,0.328504066972036
TTAM_20250207,TTAM,Titan America SA,2025-02-07,384000000.0,16.0,True,True,True,True,True,,Yahoo/pilot,data/raw/yahoo/TTAM.parquet,True,1.0,0.0428200428679243,2025-05-05,0.0428200428679243
EPWK_20250206,EPWK,EPWK Holdings Ltd.,2025-02-06,11275000.0,4.1,True,True,False,False,False,missing_split_unit_validation;incomplete_prices;incomplete_volume,Yahoo/pilot,data/raw/yahoo/EPWK.parquet,False,1.0,,2025-05-02,
FBGL_20250206,FBGL,FBS Global Limited,2025-02-06,10125000.0,4.5,True,True,True,True,True,,Yahoo/pilot,data/raw/yahoo/FBGL.parquet,True,1.0,-0.2657031519116389,2025-05-02,-0.2657031519116389
CJMB_20250205,CJMB,Callan JMB Inc.,2025-02-05,5120000.0,4.0,True,True,True,True,True,,Yahoo/pilot,data/raw/yahoo/CJMB.parquet,True,1.0,0.024692589330022,2025-05-01,0.024692589330022
HCAI_20250205,HCAI,"Huachen AI Parking Management Technology Holding Co., Ltd",2025-02-05,6000000.0,4.0,True,True,True,True,True,,Yahoo/pilot,data/raw/yahoo/HCAI.parquet,True,0.0333333333333333,-0.0408220210112087,2025-05-01,-0.0408220210112087
PLUT_20250205,PLUT,Plutus Financial Group Limited,2025-02-05,8400000.0,4.0,True,True,True,True,True,,Yahoo/pilot,data/raw/yahoo/PLUT.parquet,True,1.0,0.0,2025-05-01,0.0
INR_20250131,INR,"Infinity Natural Resources, Inc.",2025-01-31,265000000.0,20.0,True,True,True,True,True,,Yahoo/pilot,data/raw/yahoo/INR.parquet,True,1.0,0.0521179397782062,2025-04-28,0.0521179397782062
MAZE_20250131,MAZE,"Maze Therapeutics, Inc.",2025-01-31,140000000.0,16.0,True,True,True,True,True,,Yahoo/pilot,data/raw/yahoo/MAZE.parquet,True,1.0,-0.0031299049672263,2025-04-28,-0.0031299049672263
MTSR_20250131,MTSR,"Metsera, Inc.",2025-01-31,275000004.0,18.0,True,True,False,False,False,missing_split_unit_validation;incomplete_prices;incomplete_volume,Yahoo/pilot,data/raw/yahoo/MTSR.parquet,False,1.0,,2025-04-28,
BBNX_20250130,BBNX,"Beta Bionics, Inc.",2025-01-30,204000000.0,17.0,True,True,True,True,True,,Yahoo/pilot,data/raw/yahoo/BBNX.parquet,True,1.0,0.3293037116270095,2025-04-25,0.3293037116270095
FGMC_20250129,FGMC,FG Merger II Corp.,2025-01-29,,10.0,True,True,False,False,False,missing_positive_proceeds;incomplete_prices;incomplete_volume,Yahoo/pilot,data/raw/yahoo/FGMC.parquet,False,1.0,,2025-04-24,
SFD_20250128,SFD,"Smithfield Foods, Inc.",2025-01-28,521739160.0,20.0,True,True,True,True,True,,Yahoo/pilot,data/raw/yahoo/SFD.parquet,True,1.0,-0.01257878220686,2025-04-23,-0.01257878220686
AAPG_20250124,AAPG,Ascentage Pharma Group International,2025-01-24,126356250.0,17.25,True,True,True,True,True,,Yahoo/pilot,data/raw/yahoo/AAPG.parquet,True,1.0,0.0075079280725688,2025-04-21,0.0075079280725688
VG_20250124,VG,"Venture Global, Inc.",2025-01-24,1750000000.0,25.0,True,True,True,True,True,,Yahoo/pilot,data/raw/yahoo/VG.parquet,True,1.0,-0.0408219945202551,2025-04-21,-0.0408219945202551
KAZR_20250123,KAZR,Skyline Builders Group Holding Limited,2025-01-23,,,True,True,True,True,False,missing_positive_proceeds;missing_positive_offer_price;unverified_nasdaq_adjustment,Nasdaq/historical,data/raw/check2/recovered_nasdaq_KAZR_20250123.parquet,False,1.0,,2025-04-17,
DGNX_20250122,DGNX,Diginex Limited,2025-01-22,9225000.0,4.1,True,True,True,True,True,,Yahoo/pilot,data/raw/yahoo/DGNX.parquet,True,1.0,0.3277232844842971,2025-04-16,0.3277232844842971
DXST_20250122,DXST,Decent Holding Inc.,2025-01-22,5000000.0,4.0,True,True,True,True,True,,Yahoo/pilot,data/raw/yahoo/DXST.parquet,True,0.04,0.0148886124937507,2025-04-16,0.0148886124937507
TJGC_20250122,TJGC,TJGC Group Limited,2025-01-22,,4.0,True,True,True,True,False,missing_positive_proceeds,Yahoo/pilot,data/raw/yahoo/TJGC.parquet,False,1.0,,2025-04-16,1.1778854519427686
TOPP_20250122,TOPP,Toppoint Holdings Inc.,2025-01-22,10000000.0,4.0,True,True,True,True,True,,Yahoo/pilot,data/raw/yahoo/TOPP.parquet,True,1.0,-0.0618754062544553,2025-04-16,-0.0618754062544553
FLOC_20250116,FLOC,Flowco Holdings Inc.,2025-01-16,427200000.0,24.0,True,True,True,True,True,,Yahoo/pilot,data/raw/yahoo/FLOC.parquet,True,1.0,0.213093241148905,2025-04-11,0.213093241148905
PCLA_20250116,PCLA,PicoCELA Inc.,2025-01-16,7000000.0,4.0,True,True,True,True,True,,Yahoo/pilot,data/raw/yahoo/PCLA.parquet,True,0.0333333333333333,-0.3424903447655302,2025-04-11,-0.3424903447655302
HKPD_20250115,HKPD,"Cellyan Biotechnology Co., Ltd",2025-01-15,5614740.0,4.0,True,True,True,True,True,,Yahoo/pilot,data/raw/yahoo/HKPD.parquet,True,1.0,-0.3495574998426354,2025-04-10,-0.3495574998426354
UFG_20250114,UFG,Uni-Fuels Holdings Limited,2025-01-14,8400000.0,4.0,True,True,True,True,True,,Yahoo/pilot,data/raw/yahoo/UFG.parquet,True,1.0,0.0,2025-04-09,0.0
MIMI_20250110,MIMI,Mint Incorporation Limited,2025-01-10,7000000.0,4.0,True,True,True,True,True,,Yahoo/pilot,data/raw/yahoo/MIMI.parquet,True,0.1,0.0271286302622445,2025-04-07,0.0271286302622445
MASK_20250108,MASK,3 E Network Technology Group Limited,2025-01-08,5000000.0,4.0,True,True,True,True,True,,Yahoo/pilot,data/raw/yahoo/MASK.parquet,True,0.04,-0.2076393647782445,2025-04-04,-0.2076393647782445
ZYBT_20250107,ZYBT,Zhengye Biotechnology Holding Limited,2025-01-07,6000000.0,4.0,True,True,True,True,True,,Yahoo/pilot,data/raw/yahoo/ZYBT.parquet,True,1.0,0.194744104264611,2025-04-03,0.194744104264611
INLF_20250102,INLF,INLIF Limited,2025-01-02,8000000.0,4.0,True,True,True,True,True,,Yahoo/pilot,data/raw/yahoo/INLF.parquet,True,0.0003125,0.1066097350582582,2025-03-31,0.1066097350582582
LYNX_20260819,LYNX,Lyntris Inc.,2026-08-19,297500000.0,17.5,True,False,False,False,False,immature,Yahoo/pilot,data/raw/yahoo/LYNX.parquet,False,1.0,,,-0.1534842200354745
FOIL_20260812,FOIL,Londian Wason New Energy Tech Inc.,2026-08-12,94285708.0,22.0,True,False,False,False,False,immature,Yahoo/pilot,data/raw/yahoo/FOIL.parquet,False,1.0,,,0.1076306641923653
SNSC_20260812,SNSC,SunScout Holding Limited,2026-08-12,15500000.0,5.0,True,False,False,False,False,immature,Yahoo/pilot,data/raw/yahoo/SNSC.parquet,False,1.0,,,-0.4877603725800117
VOGX_20260812,VOGX,"Vogenx, Inc.",2026-08-12,81250000.0,13.0,True,False,False,False,False,immature,Yahoo/pilot,data/raw/yahoo/VOGX.parquet,False,1.0,,,0.0
BLSM_20260807,BLSM,"BlossomHill Therapeutics, Inc.",2026-08-07,150000000.0,16.0,True,False,False,False,False,immature,Yahoo/pilot,data/raw/yahoo/BLSM.parquet,False,1.0,,,0.0
LTGO_20260807,LTGO,"Latigo Biotherapeutics, Inc.",2026-08-07,345600000.0,18.0,True,False,False,False,False,immature,Yahoo/pilot,data/raw/yahoo/LTGO.parquet,False,1.0,,,0.0137933221323357
TP_20260807,TP,Ticketplus Ltd.,2026-08-07,15000000.0,8.0,True,False,False,False,False,immature,Yahoo/pilot,data/raw/yahoo/TP.parquet,False,1.0,,,-0.1335313926245226
BRVE_20260806,BRVE,"Braveheart Bio, Inc.",2026-08-06,382500000.0,18.0,True,False,False,False,False,immature,Yahoo/pilot,data/raw/yahoo/BRVE.parquet,False,1.0,,,0.5041366100131986
ATTO_20260805,ATTO,"Attovia Therapeutics, Inc.",2026-08-05,289000000.0,17.0,True,False,False,False,False,immature,Yahoo/pilot,data/raw/yahoo/ATTO.parquet,False,1.0,,,0.25327327534753
APMD_20260731,APMD,"Apnimed, Inc.",2026-07-31,192000000.0,16.0,True,False,False,False,False,immature,Yahoo/pilot,data/raw/yahoo/APMD.parquet,False,1.0,,,0.4462871026284195
JMKE_20260730,JMKE,Jersey Mike's Subs Inc.,2026-07-30,1000000003.0,23.0,True,False,False,False,False,immature,Yahoo/pilot,data/raw/yahoo/JMKE.parquet,False,1.0,,,-0.0614130147636929
REF_20260730,REF,Reformation Inc.,2026-07-30,210937500.0,15.0,True,False,False,False,False,immature,Yahoo/pilot,data/raw/yahoo/REF.parquet,False,1.0,,,0.0053191564183196
IMC_20260729,IMC,IMC Rare Earths Ltd,2026-07-29,20000000.0,5.0,True,False,False,False,False,immature,Yahoo/pilot,data/raw/yahoo/IMC.parquet,False,1.0,,,0.0256677690567486
SCTX_20260724,SCTX,Scribe Therapeutics Inc.,2026-07-24,128700000.0,15.0,True,False,False,False,False,immature,Yahoo/pilot,data/raw/yahoo/SCTX.parquet,False,1.0,,,
BRTM_20260721,BRTM,B&R Technology Merger Corp.,2026-07-21,,10.0,True,False,False,False,False,missing_positive_proceeds;immature,Yahoo/pilot,data/raw/yahoo/BRTM.parquet,False,1.0,,,
CSQR_20260716,CSQR,"Csquare, Inc.",2026-07-16,1050000000.0,21.0,True,False,False,False,False,immature,Yahoo/pilot,data/raw/yahoo/CSQR.parquet,False,1.0,,,-0.0158390603386989
STDN_20260716,STDN,"Standard Nuclear, Inc.",2026-07-16,150000000.0,15.0,True,False,False,False,False,immature,Yahoo/pilot,data/raw/yahoo/STDN.parquet,False,1.0,,,-0.1984509232169388
SKHY_20260710,SKHY,SK hynix Inc.,2026-07-10,26507100000.0,149.0,True,False,False,False,False,immature,Yahoo/pilot,data/raw/yahoo/SKHY.parquet,False,1.0,,,0.1200771628003925
BSP_20260701,BSP,Bending Spoons S.p.A.,2026-07-01,1681159435.0,29.0,True,False,False,False,False,immature,Yahoo/pilot,data/raw/yahoo/BSP.parquet,False,1.0,,,0.3340061441260194
ITG_20260701,ITG,"ITG, Inc.",2026-07-01,312195136.0,16.0,True,False,False,False,False,immature,Yahoo/pilot,data/raw/yahoo/ITG.parquet,False,1.0,,,0.1015406778594574
LIME_20260701,LIME,"Neutron Holdings, Inc.",2026-07-01,173913050.0,25.0,True,False,False,False,False,immature,Yahoo/pilot,data/raw/yahoo/LIME.parquet,False,1.0,,,0.0392207131532813
SIND_20260626,SIND,Sinda Ltd.,2026-06-26,213000000.0,12.0,True,False,False,False,False,immature,Yahoo/pilot,data/raw/yahoo/SIND.parquet,False,1.0,,,0.0
DPC_20260625,DPC,DPC Holdings PLC,2026-06-25,919333305.0,33.0,True,False,False,False,False,immature,Yahoo/pilot,data/raw/yahoo/DPC.parquet,False,1.0,,,0.3510836065863047
DSC_20260625,DSC,DSC Holdings Ltd.,2026-06-25,51000000.0,17.0,True,False,False,False,False,immature,Yahoo/pilot,data/raw/yahoo/DSC.parquet,False,1.0,,,-0.6293441776860201
FCBM_20260618,FCBM,"First Carolina Financial Services, Inc.",2026-06-18,68750000.0,12.5,True,False,False,False,False,immature,Yahoo/pilot,data/raw/yahoo/FCBM.parquet,False,1.0,,,0.0079681999245514
FISN_20260618,FISN,"Deep Fission, Inc.",2026-06-18,40000000.0,16.0,True,False,False,False,False,immature,Yahoo/pilot,data/raw/yahoo/FISN.parquet,False,1.0,,,-0.0943106506514135
KARD_20260618,KARD,"Kardigan, Inc.",2026-06-18,400000000.0,16.0,True,False,False,False,False,immature,Yahoo/pilot,data/raw/yahoo/KARD.parquet,False,1.0,,,0.3184537311185346
WLCO_20260618,WLCO,Wilco 63 Corporation,2026-06-18,,10.0,True,False,False,False,False,missing_positive_proceeds;immature,Yahoo/pilot,data/raw/yahoo/WLCO.parquet,False,1.0,,,
SPCX_20260612,SPCX,Space Exploration Technologies Corp.,2026-06-12,74999999925.0,135.0,True,False,False,False,False,immature,Yahoo/pilot,data/raw/yahoo/SPCX.parquet,False,1.0,,,0.1758189603454815
FRBT_20260611,FRBT,"Forbright, Inc.",2026-06-11,142200000.0,18.0,True,True,True,True,True,,Yahoo/pilot,data/raw/yahoo/FRBT.parquet,True,1.0,0.0055402014512906,2026-09-04,0.0055402014512906
EROC_20260610,EROC,"ERock, Inc.",2026-06-10,600000006.0,21.5,True,True,True,True,True,,Yahoo/pilot,data/raw/yahoo/EROC.parquet,True,1.0,-0.1368591827171973,2026-09-03,-0.1368591827171973
PBLS_20260610,PBLS,"Parabilis Medicines, Inc.",2026-06-10,670000000.0,20.0,True,True,True,True,True,,Yahoo/pilot,data/raw/yahoo/PBLS.parquet,True,1.0,0.4574248591107022,2026-09-03,0.4574248591107022
WHK_20260609,WHK,WhiteHawk Minerals Corp.,2026-06-09,200200000.0,26.0,True,True,True,True,True,,Yahoo/pilot,data/raw/yahoo/WHK.parquet,True,1.0,0.0,2026-09-02,0.0
INIO_20260604,INIO,Innio N.V.,2026-06-04,2430000000.0,27.0,True,True,True,True,False,missing_split_unit_validation;unverified_nasdaq_adjustment,Nasdaq/historical,data/raw/check2/recovered_nasdaq_INIO_20260604.parquet,False,1.0,,2026-08-28,0.2097205309820689
LFTO_20260604,LFTO,"Liftoff Mobile, Inc.",2026-06-04,437000000.0,23.0,True,True,True,True,True,,Yahoo/pilot,data/raw/yahoo/LFTO.parquet,True,1.0,0.2126539714600422,2026-08-28,0.2126539714600422
QNT_20260604,QNT,Quantinuum Inc.,2026-06-04,1680000000.0,60.0,True,True,True,True,True,,Yahoo/pilot,data/raw/yahoo/QNT.parquet,True,1.0,0.0063133797464765,2026-08-28,0.0063133797464765
SSMR_20260604,SSMR,Sunshine Silver Mining & Refining Company,2026-06-04,270000000.0,13.5,True,True,True,True,True,,Yahoo/pilot,data/raw/yahoo/SSMR.parquet,True,1.0,0.2393084659244322,2026-08-28,0.2393084659244322
AADX_20260603,AADX,"Applied Aerospace & Defense, Inc.",2026-06-03,650000000.0,20.0,True,True,True,True,True,,Yahoo/pilot,data/raw/yahoo/AADX.parquet,True,1.0,-0.0507671050135777,2026-08-27,-0.0507671050135777
APUR_20260521,APUR,Aperture AC,2026-05-21,,10.0,True,True,True,True,False,missing_positive_proceeds,Yahoo/pilot,data/raw/yahoo/APUR.parquet,False,1.0,,2026-08-17,0.0
LCLN_20260520,LCLN,"Lincoln International, Inc.",2026-05-20,420999760.0,20.0,True,True,True,True,True,,Yahoo/pilot,data/raw/yahoo/LCLN.parquet,True,1.0,0.1186715500444821,2026-08-14,0.1186715500444821
EXYN_20260515,EXYN,"Exyn Technologies, Inc.",2026-05-15,19375000.0,7.75,True,True,True,True,True,,Yahoo/pilot,data/raw/yahoo/EXYN.parquet,True,1.0,-0.399034254457656,2026-08-11,-0.399034254457656
VIDA_20260515,VIDA,VIDA Global Inc.,2026-05-15,15000000.0,4.0,True,True,True,True,True,,Yahoo/pilot,data/raw/yahoo/VIDA.parquet,True,1.0,-0.4620354671654025,2026-08-11,-0.4620354671654025
BXDC_20260514,BXDC,Blackstone Digital Infrastructure Trust Inc.,2026-05-14,1750000000.0,20.0,True,True,True,True,True,,Yahoo/pilot,data/raw/yahoo/BXDC.parquet,True,1.0,-0.009545439802523,2026-08-10,-0.009545439802523
CBRS_20260514,CBRS,Cerebras Systems Inc.,2026-05-14,5550000000.0,185.0,True,True,True,True,True,,Yahoo/pilot,data/raw/yahoo/CBRS.parquet,True,1.0,0.5196621657052144,2026-08-10,0.5196621657052144
EROK_20260514,EROK,"EagleRock Land, LLC",2026-05-14,320050000.0,18.5,True,True,True,True,True,,Yahoo/pilot,data/raw/yahoo/EROK.parquet,True,1.0,0.16597242577905,2026-08-10,0.16597242577905
MWC_20260514,MWC,"Micware Co., Ltd.",2026-05-14,22800000.0,8.0,True,True,True,True,True,,Yahoo/pilot,data/raw/yahoo/MWC.parquet,True,1.0,0.024692589330022,2026-08-10,0.024692589330022
FRVO_20260513,FRVO,Fervo Energy Company,2026-05-13,1890000000.0,27.0,True,True,True,True,True,,Yahoo/pilot,data/raw/yahoo/FRVO.parquet,True,1.0,0.3025707100010142,2026-08-07,0.3025707100010142
GMRS_20260513,GMRS,GMR Solutions Inc.,2026-05-13,478723395.0,15.0,True,True,True,True,True,,Yahoo/pilot,data/raw/yahoo/GMRS.parquet,True,1.0,-0.0704224970407288,2026-08-07,-0.0704224970407288
MOBI_20260508,MOBI,"Mobia Medical, Inc.",2026-05-08,150000000.0,15.0,True,True,True,True,True,,Yahoo/pilot,data/raw/yahoo/MOBI.parquet,True,1.0,-0.2441969605120421,2026-08-04,-0.2441969605120421
ODTX_20260508,ODTX,"Odyssey Therapeutics, Inc.",2026-05-08,279000000.0,18.0,True,True,True,True,True,,Yahoo/pilot,data/raw/yahoo/ODTX.parquet,True,1.0,-0.091871649225479,2026-08-04,-0.091871649225479
HAWK_20260507,HAWK,"HawkEye 360, Inc.",2026-05-07,416000000.0,26.0,True,True,True,True,True,,Yahoo/pilot,data/raw/yahoo/HAWK.parquet,True,1.0,0.2682639865946793,2026-08-03,0.2682639865946793
SUJA_20260507,SUJA,"Suja Life, Inc.",2026-05-07,186666669.0,21.0,True,True,True,True,True,,Yahoo/pilot,data/raw/yahoo/SUJA.parquet,True,1.0,-0.1625189081269221,2026-08-03,-0.1625189081269221
REA_20260506,REA,"Rare Earths Americas, Inc.",2026-05-06,63333289.0,19.0,True,True,True,True,True,,Yahoo/pilot,data/raw/yahoo/REA.parquet,True,1.0,0.0,2026-07-31,0.0
COAG_20260501,COAG,"Hemab Therapeutics Holdings, Inc.",2026-05-01,301500000.0,18.0,True,True,True,True,True,,Yahoo/pilot,data/raw/yahoo/COAG.parquet,True,1.0,0.6359887667199967,2026-07-28,0.6359887667199967
MTNE_20260501,MTNE,CH4 Natural Solutions Corporation,2026-05-01,,10.0,True,True,False,False,False,missing_positive_proceeds;incomplete_prices;incomplete_volume,Yahoo/pilot,data/raw/yahoo/MTNE.parquet,False,1.0,,2026-07-28,
SPTX_20260501,SPTX,"Seaport Therapeutics, Inc.",2026-05-01,254880000.0,18.0,True,True,True,True,True,,Yahoo/pilot,data/raw/yahoo/SPTX.parquet,True,1.0,0.0973283516514839,2026-07-28,0.0973283516514839
AVLN_20260430,AVLN,Avalyn Pharma Inc.,2026-04-30,300000006.0,18.0,True,True,True,True,True,,Yahoo/pilot,data/raw/yahoo/AVLN.parquet,True,1.0,0.4936794571696828,2026-07-27,0.4936794571696828
GCGR_20260430,GCGR,General Catalyst Global Resilience Merger Corp.,2026-04-30,,10.0,True,True,False,False,False,missing_positive_proceeds;incomplete_prices;incomplete_volume,Yahoo/pilot,data/raw/yahoo/GCGR.parquet,False,1.0,,2026-07-27,
SBMT_20260430,SBMT,Silver Bow Mining Corp.,2026-04-30,59800000.0,11.5,True,True,True,True,True,,Yahoo/pilot,data/raw/yahoo/SBMT.parquet,True,1.0,-0.0674412807955325,2026-07-27,-0.0674412807955325
PS_20260429,PS,Pershing Square Inc.,2026-04-29,2025848000.0,50.0,True,True,True,True,True,,Yahoo/pilot,data/raw/yahoo/PS.parquet,True,1.0,-0.7256703407390822,2026-07-24,-0.7256703407390822
XE_20260424,XE,"X-Energy, Inc.",2026-04-24,1017857157.0,23.0,True,True,True,True,True,,Yahoo/pilot,data/raw/yahoo/XE.parquet,True,1.0,0.2386745194731495,2026-07-21,0.2386745194731495
ELMT_20260423,ELMT,The Elmet Group Co.,2026-04-23,119999992.0,14.0,True,True,True,True,True,,Yahoo/pilot,data/raw/yahoo/ELMT.parquet,True,1.0,0.2463018779376581,2026-07-20,0.2463018779376581
NHP_20260422,NHP,"National Healthcare Properties, Inc.",2026-04-22,462000000.0,12.0,True,True,True,True,True,,Yahoo/pilot,data/raw/yahoo/NHP.parquet,True,1.0,0.0,2026-07-17,0.0
YSWY_20260422,YSWY,"Yesway, Inc.",2026-04-22,280000000.0,20.0,True,True,True,True,True,,Yahoo/pilot,data/raw/yahoo/YSWY.parquet,True,1.0,0.0596829805990598,2026-07-17,0.0596829805990598
ALMR_20260417,ALMR,"Alamar Biosciences, Inc.",2026-04-17,191250000.0,17.0,True,True,True,True,True,,Yahoo/pilot,data/raw/yahoo/ALMR.parquet,True,1.0,0.2578291093020998,2026-07-14,0.2578291093020998
AVEX_20260417,AVEX,AEVEX Corp.,2026-04-17,320000000.0,20.0,True,True,True,True,True,,Yahoo/pilot,data/raw/yahoo/AVEX.parquet,True,1.0,0.297508644601703,2026-07-14,0.297508644601703
KLRA_20260417,KLRA,"Kailera Therapeutics, Inc.",2026-04-17,625000000.0,16.0,True,True,True,True,True,,Yahoo/pilot,data/raw/yahoo/KLRA.parquet,True,1.0,0.4855078157817008,2026-07-14,0.4855078157817008
ARXS_20260416,ARXS,"Arxis, Inc.",2026-04-16,1134000000.0,28.0,True,True,True,True,True,,Yahoo/pilot,data/raw/yahoo/ARXS.parquet,True,1.0,0.324926245624152,2026-07-13,0.324926245624152
MAIR_20260416,MAIR,Madison Air Solutions Corporation,2026-04-16,2232692316.0,27.0,True,True,True,True,True,,Yahoo/pilot,data/raw/yahoo/MAIR.parquet,True,1.0,0.1620558593343715,2026-07-13,0.1620558593343715
HMH_20260401,HMH,HMH Holding Inc.,2026-04-01,210400000.0,20.0,True,True,True,True,True,,Yahoo/pilot,data/raw/yahoo/HMH.parquet,True,1.0,-0.0366639487571984,2026-06-26,-0.0366639487571984
GMTL_20260320,GMTL,Guardian Metal Resources PLC,2026-03-20,59999400.0,13.5,True,True,True,True,True,,Yahoo/pilot,data/raw/yahoo/GMTL.parquet,True,1.0,0.0,2026-06-15,0.0
JAN_20260320,JAN,"Janus Living, Inc.",2026-03-20,840000000.0,20.0,True,True,True,True,True,,Yahoo/pilot,data/raw/yahoo/JAN.parquet,True,1.0,0.1655144546415446,2026-06-15,0.1655144546415446
SWMR_20260317,SWMR,"Swarmer, Inc",2026-03-17,15000000.0,5.0,True,True,True,True,True,,Yahoo/pilot,data/raw/yahoo/SWMR.parquet,True,1.0,1.824549292051046,2026-06-10,1.824549292051046
PAYP_20260312,PAYP,PayPay Corporation,2026-03-12,879795424.0,16.0,True,True,True,True,True,,Yahoo/pilot,data/raw/yahoo/PAYP.parquet,True,1.0,0.126632642530949,2026-06-05,0.126632642530949
MMED_20260306,MMED,"MiniMed Group, Inc.",2026-03-06,560000000.0,20.0,True,True,True,True,True,,Yahoo/pilot,data/raw/yahoo/MMED.parquet,True,1.0,-0.0785022405336399,2026-06-01,-0.0785022405336399
GENB_20260227,GENB,"Generate Biomedicines, Inc.",2026-02-27,400000000.0,16.0,True,True,True,True,True,,Yahoo/pilot,data/raw/yahoo/GENB.parquet,True,1.0,-0.234931537221962,2026-05-22,-0.234931537221962
ROC_20260220,ROC,Rank One Computing Corporation,2026-02-20,24000000.0,6.0,True,True,True,True,False,missing_split_unit_validation;unverified_nasdaq_adjustment,Nasdaq/historical,data/raw/check2/recovered_nasdaq_ROC_20260220.parquet,False,1.0,,2026-05-15,0.0263173083173733
APC_20260212,APC,ARKO Petroleum Corp.,2026-02-12,199999998.0,18.0,True,True,True,True,True,,Yahoo/pilot,data/raw/yahoo/APC.parquet,True,1.0,-0.0253178514566243,2026-05-08,-0.0253178514566243
AGBK_20260211,AGBK,AGI Inc,2026-02-11,240000000.0,12.0,True,True,True,True,True,,Yahoo/pilot,data/raw/yahoo/AGBK.parquet,True,1.0,-0.1100008952143284,2026-05-07,-0.1100008952143284
MWH_20260211,MWH,"SOLV Energy, Inc.",2026-02-11,512500000.0,25.0,True,True,True,True,False,missing_split_unit_validation;unverified_nasdaq_adjustment,Nasdaq/historical,data/raw/check2/recovered_nasdaq_MWH_20260211.parquet,False,1.0,,2026-05-07,0.2044091532579595
JAGU_20260210,JAGU,Jaguar Uranium Corp.,2026-02-10,25000000.0,4.0,True,True,True,True,True,,Yahoo/pilot,data/raw/yahoo/JAGU.parquet,True,1.0,-0.264616821265802,2026-05-06,-0.264616821265802
AGMB_20260206,AGMB,AgomAb Therapeutics NV,2026-02-06,200000000.0,16.0,True,True,True,True,True,,Yahoo/pilot,data/raw/yahoo/AGMB.parquet,True,1.0,-0.0881484128155944,2026-05-04,-0.0881484128155944
OFRM_20260206,OFRM,"Once Upon A Farm, PBC",2026-02-06,197949762.0,18.0,True,True,True,True,True,,Yahoo/pilot,data/raw/yahoo/OFRM.parquet,True,1.0,0.1565287659880704,2026-05-04,0.1565287659880704
SGP_20260206,SGP,"SpyGlass Pharma, Inc.",2026-02-06,150000000.0,16.0,True,True,True,True,True,,Yahoo/pilot,data/raw/yahoo/SGP.parquet,True,1.0,0.5007752734628783,2026-05-04,0.5007752734628783
BOBS_20260205,BOBS,"Bob's Discount Furniture, Inc.",2026-02-05,330650000.0,17.0,True,True,True,True,True,,Yahoo/pilot,data/raw/yahoo/BOBS.parquet,True,1.0,0.0011758059846446,2026-05-01,0.0011758059846446
EIKN_20260205,EIKN,"Eikon Therapeutics, Inc.",2026-02-05,381196800.0,18.0,True,True,True,True,True,,Yahoo/pilot,data/raw/yahoo/EIKN.parquet,True,1.0,-0.1823215567939546,2026-05-01,-0.1823215567939546
FPS_20260205,FPS,"Forgent Power Solutions, Inc.",2026-02-05,1512000000.0,27.0,True,True,True,True,True,,Yahoo/pilot,data/raw/yahoo/FPS.parquet,True,1.0,0.071458963982145,2026-05-01,0.071458963982145
MANE_20260204,MANE,"Veradermics, Incorporated",2026-02-04,256319999.0,17.0,True,True,True,True,True,,Yahoo/pilot,data/raw/yahoo/MANE.parquet,True,1.0,0.7977721316388177,2026-04-30,0.7977721316388177
LIFE_20260129,LIFE,Ethos Technologies Inc.,2026-01-29,199999985.0,19.0,True,True,True,True,True,,Yahoo/pilot,data/raw/yahoo/LIFE.parquet,True,1.0,-0.1200882997289171,2026-04-24,-0.1200882997289171
PICS_20260129,PICS,PicS N.V.,2026-01-29,434285717.0,19.0,True,True,True,True,True,,Yahoo/pilot,data/raw/yahoo/PICS.parquet,True,1.0,0.0,2026-04-24,0.0
XSLL_20260129,XSLL,Xsolla SPAC 1,2026-01-29,,10.0,True,True,False,False,False,missing_positive_proceeds;incomplete_prices;incomplete_volume,Yahoo/pilot,data/raw/yahoo/XSLL.parquet,False,1.0,,2026-04-24,
YSS_20260129,YSS,"York Space Systems, Inc.",2026-01-29,629000000.0,34.0,True,True,True,True,True,,Yahoo/pilot,data/raw/yahoo/YSS.parquet,True,1.0,-0.0115368647193269,2026-04-24,-0.0115368647193269
EQPT_20260123,EQPT,EquipmentShare.com Inc.,2026-01-23,747250000.0,24.5,True,True,True,True,True,,Yahoo/pilot,data/raw/yahoo/EQPT.parquet,True,1.0,0.2844114657608998,2026-04-20,0.2844114657608998
ALOV_20260122,ALOV,"Aldabra 4 Liquidity Opportunity Vehicle, Inc.",2026-01-22,,10.0,True,True,False,False,False,missing_positive_proceeds;incomplete_prices;incomplete_volume,Yahoo/pilot,data/raw/yahoo/ALOV.parquet,False,1.0,,2026-04-17,
BTGO_20260122,BTGO,"Bitgo Holdings, Inc.",2026-01-22,212788710.0,18.0,True,True,True,True,True,,Yahoo/pilot,data/raw/yahoo/BTGO.parquet,True,1.0,0.0268582751241863,2026-04-17,0.0268582751241863
GCDT_20260113,GCDT,Green Circle Decarbonize Technology Limited,2026-01-13,10000000.0,4.0,True,True,True,True,True,,Yahoo/pilot,data/raw/yahoo/GCDT.parquet,True,1.0,0.051168295635438,2026-04-09,0.051168295635438
AKTS_20260109,AKTS,"Aktis Oncology, Inc.",2026-01-09,317700000.0,18.0,True,True,True,True,True,,Yahoo/pilot,data/raw/yahoo/AKTS.parquet,True,1.0,0.2186891839349307,2026-04-07,0.2186891839349307
BUDA_20260108,BUDA,"Buda Juice, Inc.",2026-01-08,20000003.0,7.5,True,True,True,True,True,,Yahoo/pilot,data/raw/yahoo/BUDA.parquet,True,1.0,0.0781948052517939,2026-04-06,0.0781948052517939
